"Sample ID","SampleMean","ControlMean","Difference","Concentration","SourceFile","Gain","SlopeUsed","SampleType","Incubation time (hours)","Date soil sample frozen","Dry soil mass (g)","Phosphate buffer volume added to dialysis tubes (microliters)","Volume sample added to microplate well (microliters)","Initial extract volume (microliters)","Dilution Factor","Concentration Factor","moles enzyme in extract (micromol)","correction for concentration step (sausages)","EEA per hour per g dry soil","Condition","Habitat","Bracken"
"52-151-HB-M",44047.6666666667,323,43724.6666666667,0.000601704688528317,"Gluc5.csv",755,72667983.98,"Gluc",3,"14/11/2025",1.180129863,10000,50,44000,200,0.227272727272727,0.120340937705663,0.0273502131149235,7.72519871821471,"Mesocosm","Heathland","Present"
"55-124-HB-M",15634.3333333333,292.75,15341.5833333333,0.000211118879224112,"Gluc5.csv",755,72667983.98,"Gluc",3,"14/11/2025",0.825808212,10000,50,43000,200,0.232558139534884,0.0422237758448224,0.00981948275460987,3.96358485013865,"Mesocosm","Heathland","Present"
"57-152-HB-M",15665.6666666667,314.75,15350.9166666667,0.000211247317262739,"Gluc5.csv",755,72667983.98,"Gluc",3,"14/11/2025",0.965961934,10000,50,43000,200,0.232558139534884,0.0422494634525477,0.00982545661687156,3.39056032162842,"Mesocosm","Heathland","Present"
"58-162-GG-M",21577.75,272.75,21305,0.000293182758529033,"Gluc5.csv",755,72667983.98,"Gluc",3,"14/11/2025",1.281271105,10000,50,44000,200,0.227272727272727,0.0586365517058067,0.013326489024047,3.46699694598643,"Mesocosm","Grassland","Absent"
"60-168-GB-M",26104.75,265,25839.75,0.000355586443778483,"Gluc5.csv",755,72667983.98,"Gluc",3,"14/11/2025",0.900266813,10000,50,44500,200,0.224719101123595,0.0711172887556967,0.0159814132035273,5.91728769469714,"Mesocosm","Grassland","Present"
"1-137-HB-M",8848,262,8586,0.000118153821390766,"Gluc5.csv",755,72667983.98,"Gluc",3,"14/11/2025",0.821943865,10000,50,45000,200,0.222222222222222,0.0236307642781533,0.00525128095070073,2.12961864928198,"Mesocosm","Heathland","Present"
"2-138-HB-M",9179,228.666666666667,8950.33333333333,0.000123167491970008,"Gluc5.csv",755,72667983.98,"Gluc",3,"14/11/2025",0.882467687,10000,50,44000,200,0.227272727272727,0.0246334983940016,0.0055985223622731,2.11472232722976,"Mesocosm","Heathland","Present"
"4-130-HB-M",12104.5,248.5,11856,0.000163153005638123,"Gluc5.csv",755,72667983.98,"Gluc",3,"13/11/2025",0.460912984,10000,50,42500,200,0.235294117647059,0.0326306011276247,0.00767778850061757,5.55259435594288,"Mesocosm","Heathland","Present"
"5-139-HH-M",10029.75,221.333333333333,9808.41666666667,0.000134975764146232,"Gluc5.csv",755,72667983.98,"Gluc",3,"14/11/2025",0.49365614,10000,50,42500,200,0.235294117647059,0.0269951528292465,0.00635180066570505,4.28895078377502,"Mesocosm","Heathland","Absent"
"6-125-HH-M",20322.25,216.666666666667,20105.5833333333,0.000276677323797326,"Gluc5.csv",755,72667983.98,"Gluc",3,"14/11/2025",0.346640248,10000,50,43000,200,0.232558139534884,0.0553354647594651,0.0128687127347593,12.3747052926942,"Mesocosm","Heathland","Absent"
"7-136-HH-M",15415,253,15162,0.000208647593748754,"Gluc5.csv",755,72667983.98,"Gluc",3,"14/11/2025",0.400868263,10000,50,43500,200,0.229885057471264,0.0417295187497508,0.00959299281603466,7.97684568012698,"Mesocosm","Heathland","Absent"
"8-133-HB-M",21026,276.5,20749.5,0.000285538401694352,"Gluc5.csv",755,72667983.98,"Gluc",3,"13/11/2025",0.280651951,10000,50,43500,200,0.229885057471264,0.0571076803388705,0.0131282023767518,15.5925068160929,"Mesocosm","Heathland","Present"
"9-134-HB-M",14164.3333333333,254,13910.3333333333,0.000191423135354378,"Gluc6.csv",755,72667983.98,"Gluc",3,"14/11/2025",0.696865499,10000,50,44000,200,0.227272727272727,0.0382846270708757,0.00870105160701719,4.16199473188785,"Mesocosm","Heathland","Present"
"10-129-HH-M",2741.75,227,2514.75,3.46060240324284e-05,"Gluc6.csv",755,72667983.98,"Gluc",3,"14/11/2025",0.351930079,10000,50,44500,200,0.224719101123595,0.00692120480648567,0.00155532692280577,1.47314008815349,"Mesocosm","Heathland","Absent"
"12-141-HH-M",8335,242.75,8092.25,0.000111359219793784,"Gluc6.csv",755,72667983.98,"Gluc",3,"14/11/2025",0.296076806,10000,50,44500,200,0.224719101123595,0.0222718439587568,0.00500490875477681,5.63469641812786,"Mesocosm","Heathland","Absent"
"13-127-HH-M",16417.25,209.333333333333,16207.9166666667,0.000223040681452336,"Gluc6.csv",755,72667983.98,"Gluc",3,"13/11/2025",0.250546274,10000,50,44500,200,0.224719101123595,0.0446081362904673,0.0100243002899926,13.3365919861875,"Mesocosm","Heathland","Absent"
"14-150-HH-M",12787,214.666666666667,12572.3333333333,0.000173010625102707,"Gluc6.csv",755,72667983.98,"Gluc",3,"13/11/2025",0.396338619,10000,50,42000,200,0.238095238095238,0.0346021250205415,0.00823860119536702,6.92892457814128,"Mesocosm","Heathland","Absent"
"15-154-GB-M",5453,256.5,5196.5,7.15101715417095e-05,"Gluc6.csv",755,72667983.98,"Gluc",3,"14/11/2025",1.260093516,10000,50,44000,200,0.227272727272727,0.0143020343083419,0.00325046234280498,0.859846855685003,"Mesocosm","Grassland","Present"
"16-128-HH-M",7319.25,231,7088.25,9.75429564958188e-05,"Gluc6.csv",755,72667983.98,"Gluc",3,"14/11/2025",0.342734796,10000,50,45000,200,0.222222222222222,0.0195085912991638,0.00433524251092528,4.21632368186828,"Mesocosm","Heathland","Absent"
"17-166-GB-M",5386.75,217.5,5169.25,7.11351783396482e-05,"Gluc6.csv",755,72667983.98,"Gluc",3,"14/11/2025",0.994556204,10000,50,44000,200,0.227272727272727,0.0142270356679296,0.00323341719725674,1.08370520246527,"Mesocosm","Grassland","Present"
"18-167-GB-M",24036,216.5,23819.5,0.000327785342256856,"Gluc6.csv",755,72667983.98,"Gluc",3,"14/11/2025",0.983511539,10000,50,44000,200,0.227272727272727,0.0655570684513711,0.014899333738948,5.04970646780518,"Mesocosm","Grassland","Present"
"19-147-HH-M",6976,219.333333333333,6756.66666666667,9.29799658199719e-05,"Gluc6.csv",755,72667983.98,"Gluc",3,"14/11/2025",0.412143401,10000,50,43500,200,0.229885057471264,0.0185959931639944,0.00427494095724009,3.45748667969096,"Mesocosm","Heathland","Absent"
"21-183-GG-M",23991.25,240,23751.25,0.000326846139099399,"Gluc6.csv",755,72667983.98,"Gluc",3,"13/11/2025",0.473738211,10000,50,43500,200,0.229885057471264,0.0653692278198798,0.0150274086942253,10.5736377499184,"Mesocosm","Grassland","Absent"
"22-165-GG-M",53844.3333333333,220.5,53623.8333333333,0.000737929283246552,"Gluc6.csv",755,72667983.98,"Gluc",3,"14/11/2025",0.743350713,10000,50,44000,200,0.227272727272727,0.14758585664931,0.0335422401475705,15.0410116252311,"Mesocosm","Grassland","Absent"
"23-146-HH-M",12007.25,256,11751.25,0.000161711518008181,"Gluc7.csv",755,72667983.98,"Gluc",3,"14/11/2025",0.379918388,10000,50,41000,200,0.24390243902439,0.0323423036016363,0.0078883667321064,6.92110637553242,"Mesocosm","Heathland","Absent"
"24-169-GB-M",6731.66666666667,234.5,6497.16666666667,8.94089296388743e-05,"Gluc7.csv",755,72667983.98,"Gluc",3,"13/11/2025",0.734371079,10000,50,44000,200,0.227272727272727,0.0178817859277749,0.00406404225631247,1.84468151162603,"Mesocosm","Grassland","Present"
"25-174-GB-M",12360,297.5,12062.5,0.000165994697242735,"Gluc7.csv",755,72667983.98,"Gluc",3,"14/11/2025",0.88074015,10000,50,44000,200,0.227272727272727,0.033198939448547,0.0075452135110334,2.85563360583081,"Mesocosm","Grassland","Present"
"26-159-GB-M",36150.75,340.75,35810,0.000492789231773043,"Gluc7.csv",755,72667983.98,"Gluc",3,"14/11/2025",0.885040543,10000,50,41500,200,0.240963855421687,0.0985578463546086,0.0237488786396647,8.94455394444934,"Mesocosm","Grassland","Present"
"27-171-GB-M",9265,328.75,8936.25,0.000122973688143866,"Gluc7.csv",755,72667983.98,"Gluc",3,"13/11/2025",0.526908666,10000,50,43000,200,0.232558139534884,0.0245947376287733,0.00571970642529611,3.61840472829125,"Mesocosm","Grassland","Present"
"29-148-HB-M",4216.75,277.5,3939.25,5.42088796777984e-05,"Gluc7.csv",755,72667983.98,"Gluc",3,"14/11/2025",0.766287259,10000,50,42500,200,0.235294117647059,0.0108417759355597,0.00255100610248463,1.10968224710477,"Mesocosm","Heathland","Present"
"30-155-GG-M",36301.75,292,36009.75,0.000495538035153291,"Gluc7.csv",755,72667983.98,"Gluc",3,"14/11/2025",0.88909995,10000,50,43000,200,0.232558139534884,0.0991076070306581,0.0230482807048042,8.64105350015455,"Mesocosm","Grassland","Absent"
"32-123-HB-M",11415,287.25,11127.75,0.00015313139832065,"Gluc7.csv",755,72667983.98,"Gluc",3,"14/11/2025",0.966695086,10000,50,43500,200,0.229885057471264,0.03062627966413,0.00704052406071955,2.42769554491475,"Mesocosm","Heathland","Present"
"33-170-GB-M",9234.75,334.5,8900.25,0.000122478284280593,"Gluc7.csv",755,72667983.98,"Gluc",3,"14/11/2025",0.945330113,10000,50,44000,200,0.227272727272727,0.0244956568561185,0.00556719474002694,1.96305137696273,"Mesocosm","Grassland","Present"
"34-163-GG-M",27682.5,319.333333333333,27363.1666666667,0.000376550513279654,"Gluc7.csv",755,72667983.98,"Gluc",3,"14/11/2025",1.060363721,10000,50,44500,200,0.224719101123595,0.0753101026559308,0.0169236185743665,5.3200671427493,"Mesocosm","Grassland","Absent"
"35-182-GG-M",28293.5,387.333333333333,27906.1666666667,0.000384022854884031,"Gluc7.csv",755,72667983.98,"Gluc",3,"14/11/2025",0.609515564,10000,50,44000,200,0.227272727272727,0.0768045709768063,0.0174555843129105,9.54615180967472,"Mesocosm","Grassland","Absent"
"36-178-GG-M",25962,351,25611,0.000352438565063932,"Gluc7.csv",755,72667983.98,"Gluc",3,"14/11/2025",0.924203923,10000,50,44000,200,0.227272727272727,0.0704877130127864,0.0160199347756333,5.77792208586462,"Mesocosm","Grassland","Absent"
"38-156-GB-M",13125.75,309,12816.75,0.000176374096239239,"Gluc8.csv",755,72667983.98,"Gluc",3,"14/11/2025",1.022903261,10000,50,43500,200,0.229885057471264,0.0352748192478478,0.00810915385007996,2.64252875752635,"Mesocosm","Grassland","Present"
"39-173-GG-M",26227,292.25,25934.75,0.000356893759528789,"Gluc8.csv",755,72667983.98,"Gluc",3,"14/11/2025",1.083024515,10000,50,43500,200,0.229885057471264,0.0713787519057578,0.0164089084840822,5.05033458209461,"Mesocosm","Grassland","Absent"
"41-157-GG-M",34870.75,366.75,34504,0.000474817080510949,"Gluc8.csv",755,72667983.98,"Gluc",3,"14/11/2025",0.408996866,10000,50,43500,200,0.229885057471264,0.0949634161021898,0.0218306703683195,17.7920437238098,"Mesocosm","Grassland","Absent"
"42-144-HB-M",21492,334,21158,0.000291159859420666,"Gluc8.csv",755,72667983.98,"Gluc",3,"14/11/2025",0.68087011,10000,50,42500,200,0.235294117647059,0.0582319718841332,0.0137016404433255,6.70790715296415,"Mesocosm","Heathland","Present"
"43-180-GG-M",9536.25,363,9173.25,0.000126235096910418,"Gluc8.csv",755,72667983.98,"Gluc",3,"14/11/2025",0.438802432,10000,50,42500,200,0.235294117647059,0.0252470193820836,0.00594047514872555,4.51264222461857,"Mesocosm","Grassland","Absent"
"45-161-GB-M",3746,309,3437,4.72973077242097e-05,"Gluc8.csv",755,72667983.98,"Gluc",3,"14/11/2025",0.942984809,10000,50,43000,200,0.232558139534884,0.00945946154484194,0.00219987477787022,0.777628213757796,"Mesocosm","Grassland","Present"
"46-126-HH-M",11947,313.5,11633.5,0.000160091134538724,"Gluc8.csv",755,72667983.98,"Gluc",3,"14/11/2025",0.300685172,10000,50,43000,200,0.232558139534884,0.0320182269077447,0.00744609928087087,8.25459093015609,"Mesocosm","Heathland","Absent"
"48-131-HB-M",7359.5,289.5,7070,9.72918142595759e-05,"Gluc8.csv",755,72667983.98,"Gluc",3,"14/11/2025",0.669253194,10000,50,42500,200,0.235294117647059,0.0194583628519152,0.00457843831809769,2.28037179308936,"Mesocosm","Heathland","Present"
"49-140-HB-M",11087.75,315.25,10772.5,0.000148242725475429,"Gluc8.csv",755,72667983.98,"Gluc",3,"13/11/2025",0.707620919,10000,50,42500,200,0.235294117647059,0.0296485450950858,0.00697612825766724,3.28618900805712,"Mesocosm","Heathland","Present"
"50-160-GG-M",86658.3333333333,283.75,86374.5833333333,0.00118861950755515,"Gluc8.csv",755,72667983.98,"Gluc",3,"14/11/2025",1.445651264,10000,50,43000,200,0.232558139534884,0.237723901511031,0.0552846282583792,12.7473408548548,"Mesocosm","Grassland","Absent"
"53-149-HB-M",19557,391.25,19165.75,0.000263744072014918,"Gluc8.csv",755,72667983.98,"Gluc",3,"14/11/2025",0.319674797,10000,50,44000,200,0.227272727272727,0.0527488144029835,0.011988366909769,12.5005860354275,"Mesocosm","Heathland","Present"
"54-164-GB-M",12393.6666666667,338.75,12054.9166666667,0.000165890341336351,"Gluc8.csv",755,72667983.98,"Gluc",3,"14/11/2025",0.963121363,10000,50,42500,200,0.235294117647059,0.0331780682672701,0.00780660429818121,2.70184167094118,"Mesocosm","Grassland","Present"
"56-179-GG-M",31616,340.75,31275.25,0.000430385546523593,"Gluc9.csv",755,72667983.98,"Gluc",3,"13/11/2025",0.536388033,10000,50,42000,200,0.238095238095238,0.0860771093047186,0.0204945498344568,12.7361465789555,"Mesocosm","Grassland","Absent"
"59-172-GG-M",28805,369,28436,0.00039131400711249,"Gluc9.csv",755,72667983.98,"Gluc",3,"14/11/2025",1.263793489,10000,50,42500,200,0.235294117647059,0.0782628014224979,0.0184147768052936,4.85701104533691,"Mesocosm","Grassland","Absent"
"52-151-HB-M",37297,461,36836,0.000506908241876342,"NAG5.csv",755,72667983.98,"NAG",3,"14/11/2025",1.180129863,10000,50,44000,200,0.227272727272727,0.101381648375268,0.0230412837216519,6.50812096873215,"Mesocosm","Heathland","Present"
"55-124-HB-M",17377,401,16976,0.000233610443970376,"NAG5.csv",755,72667983.98,"NAG",3,"14/11/2025",0.825808212,10000,50,43000,200,0.232558139534884,0.0467220887940753,0.0108656020451338,4.38584564278701,"Mesocosm","Heathland","Present"
"57-152-HB-M",14866.75,417.75,14449,0.000198835845012251,"NAG5.csv",755,72667983.98,"NAG",3,"14/11/2025",0.965961934,10000,50,43000,200,0.232558139534884,0.0397671690024501,0.0092481788377791,3.19135379019987,"Mesocosm","Heathland","Present"
"58-162-GG-M",31624,383.5,31240.5,0.00042990734418335,"NAG5.csv",755,72667983.98,"NAG",3,"14/11/2025",1.281271105,10000,50,44000,200,0.227272727272727,0.0859814688366699,0.019541242917425,5.08381685478005,"Mesocosm","Grassland","Absent"
"60-168-GB-M",21962.75,353.5,21609.25,0.000297369609234617,"NAG5.csv",755,72667983.98,"NAG",3,"14/11/2025",0.900266813,10000,50,44500,200,0.224719101123595,0.0594739218469234,0.0133649262577356,4.94850565956073,"Mesocosm","Grassland","Present"
"1-137-HB-M",15174.75,365,14809.75,0.000203800204558805,"NAG5.csv",755,72667983.98,"NAG",3,"14/11/2025",0.821943865,10000,50,45000,200,0.222222222222222,0.0407600409117611,0.00905778686928024,3.67331933277473,"Mesocosm","Heathland","Present"
"2-138-HB-M",14488.75,338,14150.75,0.000194731561617213,"NAG5.csv",755,72667983.98,"NAG",3,"14/11/2025",0.882467687,10000,50,44000,200,0.227272727272727,0.0389463123234425,0.00885143461896421,3.34344050188594,"Mesocosm","Heathland","Present"
"4-130-HB-M",23404.3333333333,316.333333333333,23088,0.000317719010979503,"NAG5.csv",755,72667983.98,"NAG",3,"13/11/2025",0.460912984,10000,50,42500,200,0.235294117647059,0.0635438021959007,0.0149514828696237,10.8129469036782,"Mesocosm","Heathland","Present"
"5-139-HH-M",25471.25,319.333333333333,25151.9166666667,0.000346121019038991,"NAG5.csv",755,72667983.98,"NAG",3,"14/11/2025",0.49365614,10000,50,42500,200,0.235294117647059,0.0692242038077982,0.016288047954776,10.9982412418869,"Mesocosm","Heathland","Absent"
"6-125-HH-M",28986.75,303,28683.75,0.000394723348977102,"NAG5.csv",755,72667983.98,"NAG",3,"14/11/2025",0.346640248,10000,50,43000,200,0.232558139534884,0.0789446697954204,0.0183592255338187,17.6544468794813,"Mesocosm","Heathland","Absent"
"7-136-HH-M",18243,338.25,17904.75,0.000246391175581915,"NAG5.csv",755,72667983.98,"NAG",3,"14/11/2025",0.400868263,10000,50,43500,200,0.229885057471264,0.0492782351163831,0.0113283299118122,9.41982770684959,"Mesocosm","Heathland","Absent"
"8-133-HB-M",32518,369.25,32148.75,0.000442405970817191,"NAG5.csv",755,72667983.98,"NAG",3,"13/11/2025",0.280651951,10000,50,43500,200,0.229885057471264,0.0884811941634382,0.0203405044053881,24.1586353167,"Mesocosm","Heathland","Present"
"9-134-HB-M",16956.25,345,16611.25,0.000228591039550125,"NAG6.csv",755,72667983.98,"NAG",3,"14/11/2025",0.696865499,10000,50,44000,200,0.227272727272727,0.0457182079100249,0.0103905017977329,4.97011346409662,"Mesocosm","Heathland","Present"
"10-129-HH-M",6486.75,324.75,6162,8.47966279303404e-05,"NAG6.csv",755,72667983.98,"NAG",3,"14/11/2025",0.351930079,10000,50,44500,200,0.224719101123595,0.0169593255860681,0.00381108440136361,3.60969846831764,"Mesocosm","Heathland","Absent"
"12-141-HH-M",9282.25,319.333333333333,8962.91666666667,0.000123340653968514,"NAG6.csv",755,72667983.98,"NAG",3,"14/11/2025",0.296076806,10000,50,44500,200,0.224719101123595,0.0246681307937027,0.00554340017836016,6.2409483688276,"Mesocosm","Heathland","Absent"
"13-127-HH-M",21714.25,312.5,21401.75,0.000294514156411581,"NAG6.csv",755,72667983.98,"NAG",3,"13/11/2025",0.250546274,10000,50,44500,200,0.224719101123595,0.0589028312823162,0.0132365912993969,17.6103081852216,"Mesocosm","Heathland","Absent"
"14-150-HH-M",20898.75,312.666666666667,20586.0833333333,0.000283289589250186,"NAG6.csv",755,72667983.98,"NAG",3,"13/11/2025",0.396338619,10000,50,42000,200,0.238095238095238,0.0566579178500373,0.0134899804404851,11.3455008703766,"Mesocosm","Heathland","Absent"
"15-154-GB-M",13935.75,306.5,13629.25,0.000187555086208957,"NAG6.csv",755,72667983.98,"NAG",3,"14/11/2025",1.260093516,10000,50,44000,200,0.227272727272727,0.0375110172417914,0.00852523119131622,2.2551847893476,"Mesocosm","Grassland","Present"
"16-128-HH-M",16457.6666666667,318.5,16139.1666666667,0.000222094597685668,"NAG6.csv",755,72667983.98,"NAG",3,"14/11/2025",0.342734796,10000,50,45000,200,0.222222222222222,0.0444189195371336,0.00987087100825191,9.60010589670029,"Mesocosm","Heathland","Absent"
"17-166-GB-M",9512.25,309,9203.25,0.000126647933463146,"NAG6.csv",755,72667983.98,"NAG",3,"14/11/2025",0.994556204,10000,50,44000,200,0.227272727272727,0.0253295866926292,0.00575672424832482,1.92941140486309,"Mesocosm","Grassland","Present"
"18-167-GB-M",34343.5,314.333333333333,34029.1666666667,0.000468282795295825,"NAG6.csv",755,72667983.98,"NAG",3,"14/11/2025",0.983511539,10000,50,44000,200,0.227272727272727,0.0936565590591651,0.0212855816043557,7.21414400011281,"Mesocosm","Grassland","Present"
"19-147-HH-M",9310.25,310.666666666667,8999.58333333333,0.000123845231977403,"NAG6.csv",755,72667983.98,"NAG",3,"14/11/2025",0.412143401,10000,50,43500,200,0.229885057471264,0.0247690463954807,0.00569403365413349,4.60522044860909,"Mesocosm","Heathland","Absent"
"21-183-GG-M",90935.5,331,90604.5,0.00124682831472161,"NAG6.csv",755,72667983.98,"NAG",3,"13/11/2025",0.473738211,10000,50,43500,200,0.229885057471264,0.249365662944321,0.0573254397573152,40.3355259833686,"Mesocosm","Grassland","Absent"
"22-165-GG-M",61566.75,314,61252.75,0.000842912471837092,"NAG6.csv",755,72667983.98,"NAG",3,"14/11/2025",0.743350713,10000,50,44000,200,0.227272727272727,0.168582494367418,0.0383142032653224,17.1808553689257,"Mesocosm","Grassland","Absent"
"23-146-HH-M",11080.3333333333,369,10711.3333333333,0.000147400997615144,"NAG7.csv",755,72667983.98,"NAG",3,"14/11/2025",0.379918388,10000,50,41000,200,0.24390243902439,0.0294801995230289,0.00719029256659241,6.30862907552697,"Mesocosm","Heathland","Absent"
"24-169-GB-M",20582.5,331,20251.5,0.000278685314919067,"NAG7.csv",755,72667983.98,"NAG",3,"13/11/2025",0.734371079,10000,50,44000,200,0.227272727272727,0.0557370629838134,0.012667514314503,5.74982443106397,"Mesocosm","Grassland","Present"
"25-174-GB-M",30549,426.75,30122.25,0.000414518861680412,"NAG7.csv",755,72667983.98,"NAG",3,"14/11/2025",0.88074015,10000,50,44000,200,0.227272727272727,0.0829037723360824,0.0188417664400187,7.13103497477613,"Mesocosm","Grassland","Present"
"26-159-GB-M",96960.75,477,96483.75,0.00132773395814248,"NAG7.csv",755,72667983.98,"NAG",3,"14/11/2025",0.885040543,10000,50,41500,200,0.240963855421687,0.265546791628497,0.0639871787056619,24.099528250147,"Mesocosm","Grassland","Present"
"27-171-GB-M",23522.5,413.666666666667,23108.8333333333,0.000318005703030009,"NAG7.csv",755,72667983.98,"NAG",3,"13/11/2025",0.526908666,10000,50,43000,200,0.232558139534884,0.0636011406060018,0.0147909629316283,9.35706944172644,"Mesocosm","Grassland","Present"
"29-148-HB-M",8154.25,357,7797.25,0.000107299660358625,"NAG7.csv",755,72667983.98,"NAG",3,"14/11/2025",0.766287259,10000,50,42500,200,0.235294117647059,0.021459932071725,0.00504939578158235,2.19647646156951,"Mesocosm","Heathland","Present"
"30-155-GG-M",36705.25,382.75,36322.5,0.00049984185621548,"NAG7.csv",755,72667983.98,"NAG",3,"14/11/2025",0.88909995,10000,50,43000,200,0.232558139534884,0.0999683712430961,0.023248458428627,8.71610232671329,"Mesocosm","Grassland","Absent"
"32-123-HB-M",18668.75,355.25,18313.5,0.000252016073612835,"NAG7.csv",755,72667983.98,"NAG",3,"14/11/2025",0.966695086,10000,50,43500,200,0.229885057471264,0.050403214722567,0.0115869459132338,3.99538112932051,"Mesocosm","Heathland","Present"
"33-170-GB-M",14510.25,408.25,14102,0.00019406070221903,"NAG7.csv",755,72667983.98,"NAG",3,"14/11/2025",0.945330113,10000,50,44000,200,0.227272727272727,0.0388121404438059,0.00882094100995589,3.11035650885406,"Mesocosm","Grassland","Present"
"34-163-GG-M",44860.75,417,44443.75,0.000611600151343568,"NAG7.csv",755,72667983.98,"NAG",3,"14/11/2025",1.060363721,10000,50,44500,200,0.224719101123595,0.122320030268714,0.0274876472513963,8.64094923500195,"Mesocosm","Grassland","Absent"
"35-182-GG-M",65377.75,479.666666666667,64898.0833333333,0.000893076700066358,"NAG7.csv",755,72667983.98,"NAG",3,"14/11/2025",0.609515564,10000,50,44000,200,0.227272727272727,0.178615340013272,0.0405943954575617,22.2003603381661,"Mesocosm","Grassland","Absent"
"36-178-GG-M",46206.3333333333,434.666666666667,45771.6666666667,0.000629873902642794,"NAG7.csv",755,72667983.98,"NAG",3,"14/11/2025",0.924203923,10000,50,44000,200,0.227272727272727,0.125974780528559,0.0286306319383088,10.3262318433551,"Mesocosm","Grassland","Absent"
"38-156-GB-M",82454.3333333333,421.75,82032.5833333333,0.00112886829715698,"NAG8.csv",755,72667983.98,"NAG",3,"14/11/2025",1.022903261,10000,50,43500,200,0.229885057471264,0.225773659431396,0.0519019906738842,16.9132939717565,"Mesocosm","Grassland","Present"
"39-173-GG-M",38364.25,389.25,37975,0.000522582269661584,"NAG8.csv",755,72667983.98,"NAG",3,"14/11/2025",1.083024515,10000,50,43500,200,0.229885057471264,0.104516453932317,0.0240267710189234,7.39496065144422,"Mesocosm","Grassland","Absent"
"41-157-GG-M",41818,486.75,41331.25,0.000568768358998034,"NAG8.csv",755,72667983.98,"NAG",3,"14/11/2025",0.408996866,10000,50,43500,200,0.229885057471264,0.113753671799607,0.0261502693792199,21.3125262914361,"Mesocosm","Grassland","Absent"
"42-144-HB-M",51084.25,425,50659.25,0.000697133004459607,"NAG8.csv",755,72667983.98,"NAG",3,"14/11/2025",0.68087011,10000,50,42500,200,0.235294117647059,0.139426600891921,0.0328062590333933,16.0609483617922,"Mesocosm","Heathland","Present"
"43-180-GG-M",15120.5,469,14651.5,0.000201622491743165,"NAG8.csv",755,72667983.98,"NAG",3,"14/11/2025",0.438802432,10000,50,42500,200,0.235294117647059,0.040324498348633,0.00948811725850188,7.20758483133011,"Mesocosm","Grassland","Absent"
"45-161-GB-M",16732.3333333333,399.666666666667,16332.6666666667,0.000224757393450764,"NAG8.csv",755,72667983.98,"NAG",3,"14/11/2025",0.942984809,10000,50,43000,200,0.232558139534884,0.0449514786901528,0.0104538322535239,3.69529892519682,"Mesocosm","Grassland","Present"
"46-126-HH-M",17025,397.333333333333,16627.6666666667,0.000228816952885923,"NAG8.csv",755,72667983.98,"NAG",3,"14/11/2025",0.300685172,10000,50,43000,200,0.232558139534884,0.0457633905771846,0.0106426489714383,11.7982194916685,"Mesocosm","Heathland","Absent"
"48-131-HB-M",21853.75,380.25,21473.5,0.000295501523833522,"NAG8.csv",755,72667983.98,"NAG",3,"14/11/2025",0.669253194,10000,50,42500,200,0.235294117647059,0.0591003047667045,0.013905954062754,6.92610519079271,"Mesocosm","Heathland","Present"
"49-140-HB-M",23078.25,396,22682.25,0.000312135396603857,"NAG8.csv",755,72667983.98,"NAG",3,"13/11/2025",0.707620919,10000,50,42500,200,0.235294117647059,0.0624270793207713,0.0146887245460638,6.91930012791865,"Mesocosm","Heathland","Present"
"50-160-GG-M",156019.5,372.25,155647.25,0.00214189580438667,"NAG8.csv",755,72667983.98,"NAG",3,"14/11/2025",1.445651264,10000,50,43000,200,0.232558139534884,0.428379160877335,0.0996230606691476,22.970745238954,"Mesocosm","Grassland","Absent"
"53-149-HB-M",42212,466.25,41745.75,0.000574472384034893,"NAG8.csv",755,72667983.98,"NAG",3,"14/11/2025",0.319674797,10000,50,44000,200,0.227272727272727,0.114894476806979,0.0261123810924951,27.2280677504636,"Mesocosm","Heathland","Present"
"54-164-GB-M",27792.5,486.75,27305.75,0.00037576038998846,"NAG8.csv",755,72667983.98,"NAG",3,"14/11/2025",0.963121363,10000,50,42500,200,0.235294117647059,0.0751520779976921,0.0176828418818099,6.11997703893727,"Mesocosm","Grassland","Present"
"56-179-GG-M",68041.25,438.666666666667,67602.5833333333,0.000930293915294791,"NAG9.csv",755,72667983.98,"NAG",3,"13/11/2025",0.536388033,10000,50,42000,200,0.238095238095238,0.186058783058958,0.0442997102521329,27.5296411843034,"Mesocosm","Grassland","Absent"
"59-172-GG-M",41562.75,461.333333333333,41101.4166666667,0.000565605572296856,"NAG9.csv",755,72667983.98,"NAG",3,"14/11/2025",1.263793489,10000,50,42500,200,0.235294117647059,0.113121114459371,0.0266167328139697,7.02032756818803,"Mesocosm","Grassland","Absent"
"52-151-HB-M",34600.75,7796.25,26804.5,0.000368862579253296,"Phos5.csv",755,72667983.98,"Phos",3,"14/11/2025",1.180129863,10000,50,44000,200,0.227272727272727,0.0737725158506592,0.0167664808751498,4.73577284467317,"Mesocosm","Heathland","Present"
"55-124-HB-M",28140.75,7413.5,20727.25,0.000285232214584412,"Phos5.csv",755,72667983.98,"Phos",3,"14/11/2025",0.825808212,10000,50,43000,200,0.232558139534884,0.0570464429168825,0.0132666146318331,5.35500230321966,"Mesocosm","Heathland","Present"
"57-152-HB-M",28757.5,7050.25,21707.25,0.000298718208640195,"Phos5.csv",755,72667983.98,"Phos",3,"14/11/2025",0.965961934,10000,50,43000,200,0.232558139534884,0.059743641728039,0.0138938701693114,4.79448505518141,"Mesocosm","Heathland","Present"
"58-162-GG-M",29972.5,6973.5,22999,0.000316494262539744,"Phos5.csv",755,72667983.98,"Phos",3,"14/11/2025",1.281271105,10000,50,44000,200,0.227272727272727,0.0632988525079487,0.0143861028427156,3.74266429292381,"Mesocosm","Grassland","Absent"
"60-168-GB-M",31819.5,6837.25,24982.25,0.000343786198979673,"Phos5.csv",755,72667983.98,"Phos",3,"14/11/2025",0.900266813,10000,50,44500,200,0.224719101123595,0.0687572397959347,0.0154510651226819,5.72092069431197,"Mesocosm","Grassland","Present"
"1-137-HB-M",32441.6666666667,6570.75,25870.9166666667,0.00035601533508604,"Phos5.csv",755,72667983.98,"Phos",3,"14/11/2025",0.821943865,10000,50,45000,200,0.222222222222222,0.0712030670172079,0.0158229037816018,6.4168631035818,"Mesocosm","Heathland","Present"
"2-138-HB-M",31386.3333333333,6829.5,24556.8333333333,0.000337931947308349,"Phos5.csv",755,72667983.98,"Phos",3,"14/11/2025",0.882467687,10000,50,44000,200,0.227272727272727,0.0675863894616699,0.0153605430594704,5.8021172845771,"Mesocosm","Heathland","Present"
"4-130-HB-M",26733.6666666667,6779.75,19953.9166666667,0.000274590205669645,"Phos5.csv",755,72667983.98,"Phos",3,"13/11/2025",0.460912984,10000,50,42500,200,0.235294117647059,0.054918041133929,0.0129218920315127,9.34514212738595,"Mesocosm","Heathland","Present"
"5-139-HH-M",41185.5,6703,34482.5,0.000474521214314827,"Phos5.csv",755,72667983.98,"Phos",3,"14/11/2025",0.49365614,10000,50,42500,200,0.235294117647059,0.0949042428629654,0.0223304100854036,15.0782486539474,"Mesocosm","Heathland","Absent"
"6-125-HH-M",85234.25,6279.25,78955,0.00108651700068809,"Phos5.csv",755,72667983.98,"Phos",3,"14/11/2025",0.346640248,10000,50,43000,200,0.232558139534884,0.217303400137619,0.050535674450609,48.59569803005,"Mesocosm","Heathland","Absent"
"7-136-HH-M",38400.6666666667,6988,31412.6666666667,0.000432276567288728,"Phos5.csv",755,72667983.98,"Phos",3,"14/11/2025",0.400868263,10000,50,43500,200,0.229885057471264,0.0864553134577456,0.01987478470293,16.5264473289321,"Mesocosm","Heathland","Absent"
"8-133-HB-M",93884,7107.75,86776.25,0.0011941469302889,"Phos5.csv",755,72667983.98,"Phos",3,"13/11/2025",0.280651951,10000,50,43500,200,0.229885057471264,0.23882938605778,0.0549033071397196,65.2092469505281,"Mesocosm","Heathland","Present"
"9-134-HB-M",32919.25,7446.66666666667,25472.5833333333,0.000350533783080373,"Phos6.csv",755,72667983.98,"Phos",3,"14/11/2025",0.696865499,10000,50,44000,200,0.227272727272727,0.0701067566160746,0.0159333537763806,7.62143904825484,"Mesocosm","Heathland","Present"
"10-129-HH-M",17513.5,7153.75,10359.75,0.000142562782570812,"Phos6.csv",755,72667983.98,"Phos",3,"14/11/2025",0.351930079,10000,50,44500,200,0.224719101123595,0.0285125565141624,0.0064073160705983,6.06873964737969,"Mesocosm","Heathland","Absent"
"12-141-HH-M",26143,7112.5,19030.5,0.000261882867223035,"Phos6.csv",755,72667983.98,"Phos",3,"14/11/2025",0.296076806,10000,50,44500,200,0.224719101123595,0.0523765734446071,0.0117700165044061,13.2510847026701,"Mesocosm","Heathland","Absent"
"13-127-HH-M",54665.5,6641,48024.5,0.000660875634216267,"Phos6.csv",755,72667983.98,"Phos",3,"13/11/2025",0.250546274,10000,50,44500,200,0.224719101123595,0.132175126843253,0.0297022756951131,39.5166865065321,"Mesocosm","Heathland","Absent"
"14-150-HH-M",63090.75,6685.75,56405,0.000776201525220846,"Phos6.csv",755,72667983.98,"Phos",3,"13/11/2025",0.396338619,10000,50,42000,200,0.238095238095238,0.155240305044169,0.0369619773914689,31.0861938248052,"Mesocosm","Heathland","Absent"
"15-154-GB-M",14582.25,6640.75,7941.5,0.000109284716116326,"Phos6.csv",755,72667983.98,"Phos",3,"14/11/2025",1.260093516,10000,50,44000,200,0.227272727272727,0.0218569432232651,0.00496748709619662,1.31405249772394,"Mesocosm","Grassland","Present"
"16-128-HH-M",68568,6391.25,62176.75,0.000855627837661116,"Phos6.csv",755,72667983.98,"Phos",3,"14/11/2025",0.342734796,10000,50,45000,200,0.222222222222222,0.171125567532223,0.0380279038960496,36.9847710629004,"Mesocosm","Heathland","Absent"
"17-166-GB-M",20219.6666666667,6638.5,13581.1666666667,0.00018689340095639,"Phos6.csv",755,72667983.98,"Phos",3,"14/11/2025",0.994556204,10000,50,44000,200,0.227272727272727,0.037378680191278,0.00849515458892682,2.84721786955837,"Mesocosm","Grassland","Present"
"18-167-GB-M",65146.75,6542.75,58604,0.000806462444535812,"Phos6.csv",755,72667983.98,"Phos",3,"14/11/2025",0.983511539,10000,50,44000,200,0.227272727272727,0.161292488907162,0.0366573838425369,12.4239802615191,"Mesocosm","Grassland","Present"
"19-147-HH-M",20636.75,6598.75,14038,0.000193179984239877,"Phos6.csv",755,72667983.98,"Phos",3,"14/11/2025",0.412143401,10000,50,43500,200,0.229885057471264,0.0386359968479753,0.00888183835585639,7.18345308478071,"Mesocosm","Heathland","Absent"
"21-183-GG-M",54348,6793.5,47554.5,0.000654407861556861,"Phos6.csv",755,72667983.98,"Phos",3,"13/11/2025",0.473738211,10000,50,43500,200,0.229885057471264,0.130881572311372,0.0300877177727292,21.1704249830428,"Mesocosm","Grassland","Absent"
"22-165-GG-M",106578.25,6906,99672.25,0.00137161160308826,"Phos6.csv",755,72667983.98,"Phos",3,"14/11/2025",0.743350713,10000,50,44000,200,0.227272727272727,0.274322320617653,0.0623459819585574,27.9571857842367,"Mesocosm","Grassland","Absent"
"23-146-HH-M",25227,7423,17804,0.00024500473282567,"Phos7.csv",755,72667983.98,"Phos",3,"14/11/2025",0.379918388,10000,50,41000,200,0.24390243902439,0.0490009465651341,0.01195145038174,10.4859804625022,"Mesocosm","Heathland","Absent"
"24-169-GB-M",23948.5,7161,16787.5,0.000231016454297402,"Phos7.csv",755,72667983.98,"Phos",3,"13/11/2025",0.734371079,10000,50,44000,200,0.227272727272727,0.0462032908594804,0.0105007479226092,4.76632237792195,"Mesocosm","Grassland","Present"
"25-174-GB-M",28338.75,6681,21657.75,0.000298037028328194,"Phos7.csv",755,72667983.98,"Phos",3,"14/11/2025",0.88074015,10000,50,44000,200,0.227272727272727,0.0596074056656388,0.0135471376512815,5.12717916905137,"Mesocosm","Grassland","Present"
"26-159-GB-M",93314,6544,86770,0.00119406092267375,"Phos7.csv",755,72667983.98,"Phos",3,"14/11/2025",0.885040543,10000,50,41500,200,0.240963855421687,0.23881218453475,0.0575451047071686,21.6732461815099,"Mesocosm","Grassland","Present"
"27-171-GB-M",30993.3333333333,6454.75,24538.5833333333,0.000337680805072106,"Phos7.csv",755,72667983.98,"Phos",3,"13/11/2025",0.526908666,10000,50,43000,200,0.232558139534884,0.0675361610144213,0.0157060839568422,9.93599395259782,"Mesocosm","Grassland","Present"
"29-148-HB-M",18485.5,6684.25,11801.25,0.000162399578929395,"Phos7.csv",755,72667983.98,"Phos",3,"14/11/2025",0.766287259,10000,50,42500,200,0.235294117647059,0.0324799157858789,0.00764233312608916,3.32439871007049,"Mesocosm","Heathland","Present"
"30-155-GG-M",39390,6303.66666666667,33086.3333333333,0.000455308259858145,"Phos7.csv",755,72667983.98,"Phos",3,"14/11/2025",0.88909995,10000,50,43000,200,0.232558139534884,0.0910616519716289,0.0211771283654951,7.93953794339812,"Mesocosm","Grassland","Absent"
"32-123-HB-M",37453,6495,30958,0.000426019799978494,"Phos7.csv",755,72667983.98,"Phos",3,"14/11/2025",0.966695086,10000,50,43500,200,0.229885057471264,0.0852039599956988,0.0195871172403905,6.75397979640726,"Mesocosm","Heathland","Present"
"33-170-GB-M",25583.5,6500.25,19083.25,0.000262608771494915,"Phos7.csv",755,72667983.98,"Phos",3,"14/11/2025",0.945330113,10000,50,44000,200,0.227272727272727,0.0525217542989831,0.011936762340678,4.20902785757973,"Mesocosm","Grassland","Present"
"34-163-GG-M",63281,6653,56628,0.000779270276929458,"Phos7.csv",755,72667983.98,"Phos",3,"14/11/2025",1.060363721,10000,50,44500,200,0.224719101123595,0.155854055385892,0.0350233832327846,11.0098646779286,"Mesocosm","Grassland","Absent"
"35-182-GG-M",44626.5,6688.66666666667,37937.8333333333,0.000522070811043482,"Phos7.csv",755,72667983.98,"Phos",3,"14/11/2025",0.609515564,10000,50,44000,200,0.227272727272727,0.104414162208696,0.0237304914110673,12.9777880515109,"Mesocosm","Grassland","Absent"
"36-178-GG-M",41734.25,6903,34831.25,0.000479320439240291,"Phos7.csv",755,72667983.98,"Phos",3,"14/11/2025",0.924203923,10000,50,44000,200,0.227272727272727,0.0958640878480581,0.0217872926927405,7.85803946168724,"Mesocosm","Grassland","Absent"
"38-156-GB-M",33797.3333333333,8093.33333333333,25704,0.000353718358377389,"Phos8.csv",755,72667983.98,"Phos",3,"14/11/2025",1.022903261,10000,50,43500,200,0.229885057471264,0.0707436716754778,0.0162629130288455,5.29959304686893,"Mesocosm","Grassland","Present"
"39-173-GG-M",66682.5,7293.75,59388.75,0.000817261560694256,"Phos8.csv",755,72667983.98,"Phos",3,"14/11/2025",1.083024515,10000,50,43500,200,0.229885057471264,0.163452312138851,0.0375752441698508,11.5649103196434,"Mesocosm","Grassland","Absent"
"41-157-GG-M",46729.5,6957.5,39772,0.000547311179169993,"Phos8.csv",755,72667983.98,"Phos",3,"14/11/2025",0.408996866,10000,50,43500,200,0.229885057471264,0.109462235833999,0.0251637323756319,20.508496492678,"Mesocosm","Grassland","Absent"
"42-144-HB-M",44140,6635.33333333333,37504.6666666667,0.000516109909929369,"Phos8.csv",755,72667983.98,"Phos",3,"14/11/2025",0.68087011,10000,50,42500,200,0.235294117647059,0.103221981985874,0.0242875251731468,11.8904349089172,"Mesocosm","Heathland","Present"
"43-180-GG-M",28332.6666666667,6497.75,21834.9166666667,0.000300475057525693,"Phos8.csv",755,72667983.98,"Phos",3,"14/11/2025",0.438802432,10000,50,42500,200,0.235294117647059,0.0600950115051387,0.0141400027070915,10.7413585066392,"Mesocosm","Grassland","Absent"
"45-161-GB-M",12523,6607,5916,8.14113681979705e-05,"Phos8.csv",755,72667983.98,"Phos",3,"14/11/2025",0.942984809,10000,50,43000,200,0.232558139534884,0.0162822736395941,0.00378657526502188,1.33850698649727,"Mesocosm","Grassland","Present"
"46-126-HH-M",98248.75,6369.33333333333,91879.4166666667,0.00126437272144434,"Phos8.csv",755,72667983.98,"Phos",3,"14/11/2025",0.300685172,10000,50,43000,200,0.232558139534884,0.252874544288869,0.0588080335555509,65.1933639476253,"Mesocosm","Heathland","Absent"
"48-131-HB-M",33906.3333333333,6530,27376.3333333333,0.000376731702655573,"Phos8.csv",755,72667983.98,"Phos",3,"14/11/2025",0.669253194,10000,50,42500,200,0.235294117647059,0.0753463405311147,0.0177285507132035,8.83001673713514,"Mesocosm","Heathland","Present"
"49-140-HB-M",31866.5,6605.25,25261.25,0.000347625578920044,"Phos8.csv",755,72667983.98,"Phos",3,"13/11/2025",0.707620919,10000,50,42500,200,0.235294117647059,0.0695251157840088,0.016358850772708,7.70603314734583,"Mesocosm","Heathland","Present"
"50-160-GG-M",71036.5,6750,64286.5,0.000884660568231715,"Phos8.csv",755,72667983.98,"Phos",3,"14/11/2025",1.445651264,10000,50,43000,200,0.232558139534884,0.176932113646343,0.0411470031735682,9.48753552538845,"Mesocosm","Grassland","Absent"
"53-149-HB-M",82374,6971,75403,0.00103763715284509,"Phos8.csv",755,72667983.98,"Phos",3,"14/11/2025",0.319674797,10000,50,44000,200,0.227272727272727,0.207527430569019,0.0471653251293224,49.1805271815265,"Mesocosm","Heathland","Present"
"54-164-GB-M",38188,7262.5,30925.5,0.000425572560379705,"Phos8.csv",755,72667983.98,"Phos",3,"14/11/2025",0.963121363,10000,50,42500,200,0.235294117647059,0.085114512075941,0.0200269440178685,6.93126355868836,"Mesocosm","Grassland","Present"
"56-179-GG-M",66739.75,7694.33333333333,59045.4166666667,0.000812536875701924,"Phos9.csv",755,72667983.98,"Phos",3,"13/11/2025",0.536388033,10000,50,42000,200,0.238095238095238,0.162507375140385,0.0386922321762821,24.0449263069733,"Mesocosm","Grassland","Absent"
"59-172-GG-M",57088.25,7482.66666666667,49605.5833333333,0.000682633267313237,"Phos9.csv",755,72667983.98,"Phos",3,"14/11/2025",1.263793489,10000,50,42500,200,0.235294117647059,0.136526653462647,0.0321239184617994,8.47288177522791,"Mesocosm","Grassland","Absent"
"52-151-HB-M",15137.75,506.75,14631,0.000201340386765468,"Xylo5.csv",755,72667983.98,"Xylo",3,"14/11/2025",1.180129863,10000,50,44000,200,0.227272727272727,0.0402680773530935,0.00915183576206671,2.58497985377132,"Mesocosm","Heathland","Present"
"55-124-HB-M",5443.25,466.5,4976.75,6.84861437929766e-05,"Xylo5.csv",755,72667983.98,"Xylo",3,"14/11/2025",0.825808212,10000,50,43000,200,0.232558139534884,0.0136972287585953,0.00318540203688263,1.28577151877593,"Mesocosm","Heathland","Present"
"57-152-HB-M",5136.33333333333,481,4655.33333333333,6.40630588377764e-05,"Xylo5.csv",755,72667983.98,"Xylo",3,"14/11/2025",0.965961934,10000,50,43000,200,0.232558139534884,0.0128126117675553,0.00297967715524541,1.02822449152032,"Mesocosm","Heathland","Present"
"58-162-GG-M",4989.75,442,4547.75,6.25825810889656e-05,"Xylo5.csv",755,72667983.98,"Xylo",3,"14/11/2025",1.281271105,10000,50,44000,200,0.227272727272727,0.0125165162177931,0.00284466277677116,0.740062678296633,"Mesocosm","Grassland","Absent"
"60-168-GB-M",5664.25,434,5230.25,7.19746126635286e-05,"Xylo5.csv",755,72667983.98,"Xylo",3,"14/11/2025",0.900266813,10000,50,44500,200,0.224719101123595,0.0143949225327057,0.00323481405229342,1.19772420264088,"Mesocosm","Grassland","Present"
"1-137-HB-M",5557.5,422.5,5135,7.0663856608617e-05,"Xylo5.csv",755,72667983.98,"Xylo",3,"14/11/2025",0.821943865,10000,50,45000,200,0.222222222222222,0.0141327713217234,0.00314061584927187,1.2736538276337,"Mesocosm","Heathland","Present"
"2-138-HB-M",4572.33333333333,372.333333333333,4200,5.77971173819263e-05,"Xylo5.csv",755,72667983.98,"Xylo",3,"14/11/2025",0.882467687,10000,50,44000,200,0.227272727272727,0.0115594234763853,0.00262714169917847,0.992346703031355,"Mesocosm","Heathland","Present"
"4-130-HB-M",7782.25,390.333333333333,7391.91666666667,0.000101721779823988,"Xylo5.csv",755,72667983.98,"Xylo",3,"13/11/2025",0.460912984,10000,50,42500,200,0.235294117647059,0.0203443559647977,0.00478690728583474,3.46190239228521,"Mesocosm","Heathland","Present"
"5-139-HH-M",6950.25,375,6575.25,9.04834514441693e-05,"Xylo5.csv",755,72667983.98,"Xylo",3,"14/11/2025",0.49365614,10000,50,42500,200,0.235294117647059,0.0180966902888339,0.00425804477384326,2.87517594321374,"Mesocosm","Heathland","Absent"
"6-125-HH-M",10469.75,363,10106.75,0.000139081194309472,"Xylo5.csv",755,72667983.98,"Xylo",3,"14/11/2025",0.346640248,10000,50,43000,200,0.232558139534884,0.0278162388618945,0.00646889275858011,6.22056324571222,"Mesocosm","Heathland","Absent"
"7-136-HH-M",12486.75,394,12092.75,0.000166410974100069,"Xylo5.csv",755,72667983.98,"Xylo",3,"14/11/2025",0.400868263,10000,50,43500,200,0.229885057471264,0.0332821948200138,0.00765107926896868,6.36208947357575,"Mesocosm","Heathland","Absent"
"8-133-HB-M",10195.5,436.666666666667,9758.83333333333,0.000134293437066029,"Xylo5.csv",755,72667983.98,"Xylo",3,"13/11/2025",0.280651951,10000,50,43500,200,0.229885057471264,0.0268586874132058,0.00617441089958754,7.33341407104339,"Mesocosm","Heathland","Present"
"9-134-HB-M",4038,435.25,3602.75,4.95782296780321e-05,"Xylo6.csv",755,72667983.98,"Xylo",3,"14/11/2025",0.696865499,10000,50,44000,200,0.227272727272727,0.00991564593560643,0.00225355589445601,1.07794875658208,"Mesocosm","Heathland","Present"
"10-129-HH-M",2957.75,402.25,2555.5,3.51667936832173e-05,"Xylo6.csv",755,72667983.98,"Xylo",3,"14/11/2025",0.351930079,10000,50,44500,200,0.224719101123595,0.00703335873664346,0.00158053005317831,1.49701143066954,"Mesocosm","Heathland","Absent"
"12-141-HH-M",6883.25,556.25,6327,8.70672289703447e-05,"Xylo6.csv",755,72667983.98,"Xylo",3,"14/11/2025",0.296076806,10000,50,44500,200,0.224719101123595,0.0174134457940689,0.00391313388630763,4.40553915629089,"Mesocosm","Heathland","Absent"
"13-127-HH-M",5579,392.75,5186.25,7.13691190528608e-05,"Xylo6.csv",755,72667983.98,"Xylo",3,"13/11/2025",0.250546274,10000,50,44500,200,0.224719101123595,0.0142738238105722,0.00320760085630835,4.2674762963592,"Mesocosm","Heathland","Absent"
"14-150-HH-M",11492.75,423,11069.75,0.000152333247652043,"Xylo6.csv",755,72667983.98,"Xylo",3,"13/11/2025",0.396338619,10000,50,42000,200,0.238095238095238,0.0304666495304085,0.00725396417390679,6.10081365290555,"Mesocosm","Heathland","Absent"
"15-154-GB-M",1780,422.25,1357.75,1.86842943155501e-05,"Xylo6.csv",755,72667983.98,"Xylo",3,"14/11/2025",1.260093516,10000,50,44000,200,0.227272727272727,0.00373685886311002,0.000849286105252277,0.224662189609605,"Mesocosm","Grassland","Present"
"16-128-HH-M",7962,413.75,7548.25,0.000103873116970982,"Xylo6.csv",755,72667983.98,"Xylo",3,"14/11/2025",0.342734796,10000,50,45000,200,0.222222222222222,0.0207746233941964,0.0046165829764881,4.48994677553165,"Mesocosm","Heathland","Absent"
"17-166-GB-M",3152,405.75,2746.25,3.77917460976465e-05,"Xylo6.csv",755,72667983.98,"Xylo",3,"14/11/2025",0.994556204,10000,50,44000,200,0.227272727272727,0.00755834921952929,0.00171780664080211,0.57573640514006,"Mesocosm","Grassland","Present"
"18-167-GB-M",14582,408.25,14173.75,0.000195048069640971,"Xylo6.csv",755,72667983.98,"Xylo",3,"14/11/2025",0.983511539,10000,50,44000,200,0.227272727272727,0.0390096139281942,0.00886582134731686,3.00481861701772,"Mesocosm","Grassland","Present"
"19-147-HH-M",8946,406.5,8539.5,0.000117513924734038,"Xylo6.csv",755,72667983.98,"Xylo",3,"14/11/2025",0.412143401,10000,50,43500,200,0.229885057471264,0.0235027849468076,0.00540293906823163,4.36978897403369,"Mesocosm","Heathland","Absent"
"21-183-GG-M",13097.25,424.5,12672.75,0.000174392480786144,"Xylo6.csv",755,72667983.98,"Xylo",3,"13/11/2025",0.473738211,10000,50,43500,200,0.229885057471264,0.0348784961572289,0.00801804509361583,5.64168487112378,"Mesocosm","Grassland","Absent"
"22-165-GG-M",15511.25,427,15084.25,0.000207577659016267,"Xylo6.csv",755,72667983.98,"Xylo",3,"14/11/2025",0.743350713,10000,50,44000,200,0.227272727272727,0.0415155318032534,0.00943534813710305,4.23099889553885,"Mesocosm","Grassland","Absent"
"23-146-HH-M",18621,447,18174,0.00025009638364265,"Xylo7.csv",755,72667983.98,"Xylo",3,"14/11/2025",0.379918388,10000,50,41000,200,0.24390243902439,0.0500192767285299,0.0121998235923244,10.7038985017701,"Mesocosm","Heathland","Absent"
"24-169-GB-M",3563.75,426.75,3137,4.31689421969292e-05,"Xylo7.csv",755,72667983.98,"Xylo",3,"13/11/2025",0.734371079,10000,50,44000,200,0.227272727272727,0.00863378843938585,0.00196222464531497,0.890659913598879,"Mesocosm","Grassland","Present"
"25-174-GB-M",5045.33333333333,489,4556.33333333333,6.27006982137738e-05,"Xylo7.csv",755,72667983.98,"Xylo",3,"14/11/2025",0.88074015,10000,50,44000,200,0.227272727272727,0.0125401396427548,0.00285003173698972,1.0786502454743,"Mesocosm","Grassland","Present"
"26-159-GB-M",21135,529,20606,0.00028356366685047,"Xylo7.csv",755,72667983.98,"Xylo",3,"14/11/2025",0.885040543,10000,50,41500,200,0.240963855421687,0.056712733370094,0.01366571888436,5.1469276341615,"Mesocosm","Grassland","Present"
"27-171-GB-M",5496.66666666667,540.5,4956.16666666667,6.82028920470771e-05,"Xylo7.csv",755,72667983.98,"Xylo",3,"13/11/2025",0.526908666,10000,50,43000,200,0.232558139534884,0.0136405784094154,0.00317222753707335,2.00681683042285,"Mesocosm","Grassland","Present"
"29-148-HB-M",2932,464.75,2467.25,3.39523661572756e-05,"Xylo7.csv",755,72667983.98,"Xylo",3,"14/11/2025",0.766287259,10000,50,42500,200,0.235294117647059,0.00679047323145513,0.00159775840740121,0.695021520383131,"Mesocosm","Heathland","Present"
"30-155-GG-M",8475.25,501,7974.25,0.00010973539601972,"Xylo7.csv",755,72667983.98,"Xylo",3,"14/11/2025",0.88909995,10000,50,43000,200,0.232558139534884,0.0219470792039441,0.00510397190789397,1.91353510850832,"Mesocosm","Grassland","Absent"
"32-123-HB-M",7120.75,472,6648.75,9.1494900998353e-05,"Xylo7.csv",755,72667983.98,"Xylo",3,"14/11/2025",0.966695086,10000,50,43500,200,0.229885057471264,0.0182989801996706,0.0042066621148668,1.45053049846123,"Mesocosm","Heathland","Present"
"33-170-GB-M",4203.25,508.666666666667,3694.58333333333,5.08419682366608e-05,"Xylo7.csv",755,72667983.98,"Xylo",3,"14/11/2025",0.945330113,10000,50,44000,200,0.227272727272727,0.0101683936473322,0.00231099855621185,0.814882379686362,"Mesocosm","Grassland","Present"
"34-163-GG-M",9732.33333333333,514.75,9217.58333333333,0.000126845177593894,"Xylo7.csv",755,72667983.98,"Xylo",3,"14/11/2025",1.060363721,10000,50,44500,200,0.224719101123595,0.0253690355187788,0.00570090685815253,1.79212306910946,"Mesocosm","Grassland","Absent"
"35-182-GG-M",11196,562.5,10633.5,0.000146329916114456,"Xylo7.csv",755,72667983.98,"Xylo",3,"14/11/2025",0.609515564,10000,50,44000,200,0.227272727272727,0.0292659832228911,0.00665135982338434,3.63751161098835,"Mesocosm","Grassland","Absent"
"36-178-GG-M",16563,557,16006,0.000220262062098836,"Xylo7.csv",755,72667983.98,"Xylo",3,"14/11/2025",0.924203923,10000,50,44000,200,0.227272727272727,0.0440524124197673,0.0100119119135835,3.61100390091559,"Mesocosm","Grassland","Absent"
"38-156-GB-M",4247,523.75,3723.25,5.12364564981565e-05,"Xylo8.csv",755,72667983.98,"Xylo",3,"14/11/2025",1.022903261,10000,50,43500,200,0.229885057471264,0.0102472912996313,0.00235569914934053,0.767651330989525,"Mesocosm","Grassland","Present"
"39-173-GG-M",9055,486,8569,0.000117919880677554,"Xylo8.csv",755,72667983.98,"Xylo",3,"14/11/2025",1.083024515,10000,50,43500,200,0.229885057471264,0.0235839761355108,0.00542160370931282,1.66866143047335,"Mesocosm","Grassland","Absent"
"41-157-GG-M",11128,554,10574,0.000145511123618212,"Xylo8.csv",755,72667983.98,"Xylo",3,"14/11/2025",0.408996866,10000,50,43500,200,0.229885057471264,0.0291022247236423,0.00669016660313616,5.45250029954685,"Mesocosm","Grassland","Absent"
"42-144-HB-M",8571.66666666667,533.25,8038.41666666667,0.000110618407535278,"Xylo8.csv",755,72667983.98,"Xylo",3,"14/11/2025",0.68087011,10000,50,42500,200,0.235294117647059,0.0221236815070555,0.00520557211930718,2.5484900584573,"Mesocosm","Heathland","Present"
"43-180-GG-M",4092.33333333333,549.666666666667,3542.66666666667,4.8751409804374e-05,"Xylo8.csv",755,72667983.98,"Xylo",3,"14/11/2025",0.438802432,10000,50,42500,200,0.235294117647059,0.00975028196087481,0.00229418399079407,1.74276152811149,"Mesocosm","Grassland","Absent"
"45-161-GB-M",1849.75,489.666666666667,1360.08333333333,1.87164038252067e-05,"Xylo8.csv",755,72667983.98,"Xylo",3,"14/11/2025",0.942984809,10000,50,43000,200,0.232558139534884,0.00374328076504135,0.000870530410474732,0.307721609852123,"Mesocosm","Grassland","Present"
"46-126-HH-M",7834.5,502,7332.5,0.000100904134095946,"Xylo8.csv",755,72667983.98,"Xylo",3,"14/11/2025",0.300685172,10000,50,43000,200,0.232558139534884,0.0201808268191893,0.00469321553934634,5.20280122021486,"Mesocosm","Heathland","Absent"
"48-131-HB-M",4627.5,463.5,4164,5.73017135186526e-05,"Xylo8.csv",755,72667983.98,"Xylo",3,"14/11/2025",0.669253194,10000,50,42500,200,0.235294117647059,0.0114603427037305,0.00269655122440718,1.34306480147441,"Mesocosm","Heathland","Present"
"49-140-HB-M",4948.5,477.666666666667,4470.83333333333,6.15241140384989e-05,"Xylo8.csv",755,72667983.98,"Xylo",3,"13/11/2025",0.707620919,10000,50,42500,200,0.235294117647059,0.0123048228076998,0.00289525242534113,1.36384343066655,"Mesocosm","Heathland","Present"
"50-160-GG-M",50694.75,471.5,50223.25,0.000691133113226626,"Xylo8.csv",755,72667983.98,"Xylo",3,"14/11/2025",1.445651264,10000,50,43000,200,0.232558139534884,0.138226622645325,0.0321457261965873,7.41205180831847,"Mesocosm","Grassland","Absent"
"53-149-HB-M",8402.25,574.75,7827.5,0.000107715937215959,"Xylo8.csv",755,72667983.98,"Xylo",3,"14/11/2025",0.319674797,10000,50,44000,200,0.227272727272727,0.0215431874431918,0.00489617896436178,5.10537480621989,"Mesocosm","Heathland","Present"
"54-164-GB-M",3754,569.333333333333,3184.66666666667,4.3824893608486e-05,"Xylo8.csv",755,72667983.98,"Xylo",3,"14/11/2025",0.963121363,10000,50,42500,200,0.235294117647059,0.0087649787216972,0.00206234793451699,0.7137722595669,"Mesocosm","Grassland","Present"
"56-179-GG-M",15282.75,525.75,14757,0.000203074300286925,"Xylo9.csv",755,72667983.98,"Xylo",3,"13/11/2025",0.536388033,10000,50,42000,200,0.238095238095238,0.0406148600573851,0.00967020477556787,6.0094584396814,"Mesocosm","Grassland","Absent"
"59-172-GG-M",8723.33333333333,519.666666666667,8203.66666666667,0.000112892448879888,"Xylo9.csv",755,72667983.98,"Xylo",3,"14/11/2025",1.263793489,10000,50,42500,200,0.235294117647059,0.0225784897759776,0.00531258582964179,1.40122730384943,"Mesocosm","Grassland","Absent"
"51-132-HH-M",8144.5,485,7659.5,0.000105404052520682,"Xylo9.csv",755,72667983.98,"Xylo",3,"14/11/2025",0.363205876,10000,50,44000,200,0.227272727272727,0.0210808105041364,0.00479109329639464,4.39704091901369,"Mesocosm","Heathland","Absent"
"40-158-GB-M",202585.666666667,261,202324.666666667,0.00551547278736841,"NAG4.csv",700,36683104.87,"NAG",3,"14/11/2025",1.101438251,10000,50,42000,200,0.238095238095238,1.10309455747368,0.262641561303258,79.4844259508887,"Mesocosm","Grassland","Present"
"44-153-HH-M",9115.75,275.25,8840.5,0.000240996503194851,"NAG4.csv",700,36683104.87,"NAG",3,"14/11/2025",0.330038117,10000,50,42500,200,0.235294117647059,0.0481993006389702,0.0113410119150518,11.4542445562955,"Mesocosm","Heathland","Absent"
"47-145-HB-M",8389.5,262.666666666667,8126.83333333333,0.000221541588754107,"NAG4.csv",700,36683104.87,"NAG",3,"14/11/2025",0.916587071,10000,50,43500,200,0.229885057471264,0.0443083177508215,0.0101858201726026,3.70425625485126,"Mesocosm","Heathland","Present"
"51-132-HH-M",8076.75,234.25,7842.5,0.000213790518217931,"NAG4.csv",700,36683104.87,"NAG",3,"14/11/2025",0.363205876,10000,50,44000,200,0.227272727272727,0.0427581036435862,0.00971775082808776,8.91849634070693,"Mesocosm","Heathland","Absent"
"1-137-HB",6146.75,464,5682.75,7.25007891103771e-05,"Gluc1.csv",782,78381905.49,"Gluc",3,"29/09/2025",0.366382834,10000,50,42500,200,0.235294117647059,0.0145001578220754,0.00341180184048833,3.1040408409603,"Field","Heathland","Present"
"2-138-HB",5630,452.25,5177.75,6.60579755956632e-05,"Gluc1.csv",782,78381905.49,"Gluc",3,"29/09/2025",0.654838191,10000,50,41500,200,0.240963855421687,0.0132115951191326,0.00318351689617654,1.6205107052553,"Field","Heathland","Present"
"4-130-HB",10410.75,485.75,9925,0.000126623612145615,"Gluc1.csv",782,78381905.49,"Gluc",3,"29/09/2025",0.405566984,10000,50,42500,200,0.235294117647059,0.025324722429123,0.00595875821861717,4.89747148534915,"Field","Heathland","Present"
"8-133-HB",20108.25,435,19673.25,0.00025099223956108,"Gluc1.csv",782,78381905.49,"Gluc",3,"29/09/2025",0.320917949,10000,50,43500,200,0.229885057471264,0.050198447912216,0.011539873083268,11.986317290995,"Field","Heathland","Present"
"9-134-HB",8338.75,389.25,7949.5,0.000101420091158848,"Gluc1.csv",782,78381905.49,"Gluc",3,"29/09/2025",0.936426136,10000,50,42500,200,0.235294117647059,0.0202840182317696,0.00477271017218108,1.6989096412053,"Field","Heathland","Present"
"10-129-HH",9756.25,421,9335.25,0.00011909955418462,"Gluc1.csv",782,78381905.49,"Gluc",3,"29/09/2025",0.449631868,10000,50,44500,200,0.224719101123595,0.023819910836924,0.00535278895211774,3.9682751847101,"Field","Heathland","Absent"
"12-141-HH",4570.75,370,4200.75,5.35933641028405e-05,"Gluc1.csv",782,78381905.49,"Gluc",3,"29/09/2025",0.45950339,10000,50,35000,200,0.285714285714286,0.0107186728205681,0.00306247794873374,2.22158531389996,"Field","Heathland","Absent"
"13-127-HH",30153,367,29786,0.000380011174949046,"Gluc1.csv",782,78381905.49,"Gluc",3,"29/09/2025",0.306293805,10000,50,43500,200,0.229885057471264,0.0760022349898093,0.0174717781585768,19.0141816706314,"Field","Heathland","Absent"
"14-150-HH",27822.75,374.5,27448.25,0.000350186051594546,"Gluc1.csv",782,78381905.49,"Gluc",3,"29/09/2025",0.585635669,10000,50,42500,200,0.235294117647059,0.0700372103189093,0.0164793436044492,9.3797472141616,"Field","Heathland","Absent"
"15-154-GB",8199.66666666667,426.75,7772.91666666667,9.9167232769792e-05,"Gluc1.csv",782,78381905.49,"Gluc",3,"29/09/2025",1.645125441,10000,50,44500,200,0.224719101123595,0.0198334465539584,0.0044569542817884,0.903062702841516,"Field","Grassland","Present"
"17-166-GB",156318.75,408,155910.75,0.00198911660829541,"Gluc1.csv",782,78381905.49,"Gluc",3,"29/09/2025",1.658356854,10000,50,43000,200,0.232558139534884,0.397823321659082,0.0925170515486236,18.5961285163022,"Field","Grassland","Present"
"19-147-HH",29628.75,392,29236.75,0.000373003817873885,"Gluc1.csv",782,78381905.49,"Gluc",3,"29/09/2025",0.415664516,10000,50,42500,200,0.235294117647059,0.0746007635747769,0.017553120841124,14.076352575582,"Field","Heathland","Absent"
"20-177-GB",57938,474.5,57463.5,0.000733122008718342,"Gluc2.csv",782,78381905.49,"Gluc",3,"29/09/2025",0.715106037,10000,50,42500,200,0.235294117647059,0.146624401743668,0.0344998592338043,16.0814655210844,"Field","Grassland","Present"
"22-165-GG",58101,430,57671,0.000735769303380328,"Gluc2.csv",782,78381905.49,"Gluc",3,"29/09/2025",0.77332349,10000,50,43000,200,0.232558139534884,0.147153860676066,0.0342218280642013,14.7509757157389,"Field","Grassland","Absent"
"23-146-HH",61147.25,443,60704.25,0.000774467648119944,"Gluc2.csv",782,78381905.49,"Gluc",3,"29/09/2025",0.43113432,10000,50,42500,200,0.235294117647059,0.154893529623989,0.036445536382115,28.1780214745411,"Field","Heathland","Absent"
"24-169-GB",19818.5,406.333333333333,19412.1666666667,0.000247661326237384,"Gluc2.csv",782,78381905.49,"Gluc",3,"29/09/2025",1.475447044,10000,50,43000,200,0.232558139534884,0.0495322652474767,0.0115191314529016,2.60240481006414,"Field","Grassland","Present"
"25-174-GB",10880,382,10498,0.000133933972826666,"Gluc2.csv",782,78381905.49,"Gluc",3,"29/09/2025",1.117018768,10000,50,44500,200,0.224719101123595,0.0267867945653333,0.00601950439670411,1.79630058424232,"Field","Grassland","Present"
"27-171-GB",26907.75,393.75,26514,0.000338266846592326,"Gluc2.csv",782,78381905.49,"Gluc",3,"29/09/2025",0.720582558,10000,50,44000,200,0.227272727272727,0.0676533693184651,0.0153757657541966,7.11265516282296,"Field","Grassland","Present"
"28-176-GB",18605.75,332.333333333333,18273.4166666667,0.000233133100712868,"Gluc2.csv",782,78381905.49,"Gluc",3,"29/09/2025",1.384978271,10000,50,42500,200,0.235294117647059,0.0466266201425736,0.0109709694453114,2.64046728506675,"Field","Grassland","Present"
"29-148-HB",20637.25,356.666666666667,20280.5833333333,0.000258740626507488,"Gluc2.csv",782,78381905.49,"Gluc",3,"29/09/2025",0.956343443,10000,50,44000,200,0.227272727272727,0.0517481253014977,0.0117609375685222,4.09927265307839,"Field","Heathland","Present"
"30-155-GG",33111.75,367.75,32744,0.000417749476684737,"Gluc2.csv",782,78381905.49,"Gluc",3,"29/09/2025",1.074219111,10000,50,44000,200,0.227272727272727,0.0835498953369474,0.0189886125765789,5.89222204363325,"Field","Grassland","Absent"
"32-123-HB",6962.25,372.666666666667,6589.58333333333,8.40702110026406e-05,"Gluc2.csv",782,78381905.49,"Gluc",3,"29/09/2025",1.338173797,10000,50,44000,200,0.227272727272727,0.0168140422005281,0.00382137322739275,0.951887623755037,"Field","Heathland","Present"
"34-163-GG",92850,360.333333333333,92489.6666666667,0.00117998747400274,"Gluc2.csv",782,78381905.49,"Gluc",3,"29/09/2025",1.414268434,10000,50,43500,200,0.229885057471264,0.235997494800548,0.0542522976552984,12.7868930562816,"Field","Grassland","Absent"
"35-182-GG",17995.25,429.5,17565.75,0.000224104656427893,"Gluc2.csv",782,78381905.49,"Gluc",3,"29/09/2025",0.674108143,10000,50,43000,200,0.232558139534884,0.0448209312855785,0.010423472391995,5.15420386685889,"Field","Grassland","Absent"
"39-173-GG",38025.75,400.333333333333,37625.4166666667,0.00048002681781533,"Gluc3.csv",782,78381905.49,"Gluc",3,"29/09/2025",1.742777436,10000,50,43000,200,0.232558139534884,0.0960053635630661,0.0223268287355968,4.2703537993241,"Field","Grassland","Absent"
"43-180-GG",9189,425.75,8763.25,0.000111801951550132,"Gluc3.csv",782,78381905.49,"Gluc",3,"29/09/2025",0.448608816,10000,50,43000,200,0.232558139534884,0.0223603903100264,0.00520009076977358,3.8638643024896,"Field","Grassland","Absent"
"46-126-HH",10680,390.333333333333,10289.6666666667,0.00013127604645921,"Gluc3.csv",782,78381905.49,"Gluc",3,"29/09/2025",0.460067359,10000,50,42500,200,0.235294117647059,0.0262552092918421,0.00617769630396284,4.47593610161104,"Field","Heathland","Absent"
"51-132-HH",28792.5,364.333333333333,28428.1666666667,0.000362687874056514,"Gluc3.csv",782,78381905.49,"Gluc",3,"29/09/2025",0.398752841,10000,50,43000,200,0.232558139534884,0.0725375748113027,0.016869203444489,14.1016369958093,"Field","Heathland","Absent"
"56-179-GG",24952,418,24534,0.000313005914396022,"Gluc3.csv",782,78381905.49,"Gluc",3,"29/09/2025",0.88575419,10000,50,43000,200,0.232558139534884,0.0626011828792043,0.0145584146230708,5.47872641094357,"Field","Grassland","Absent"
"57-152-HB",7215.75,417,6798.75,8.67387690755667e-05,"Gluc3.csv",782,78381905.49,"Gluc",3,"29/09/2025",1.302254902,10000,50,43500,200,0.229885057471264,0.0173477538151133,0.00398798938278467,1.02079077776553,"Field","Heathland","Present"
"60-168-GB",46779,434.75,46344.25,0.000591262099463921,"Gluc3.csv",782,78381905.49,"Gluc",3,"29/09/2025",1.438447439,10000,50,43500,200,0.229885057471264,0.118252419892784,0.0271844643431688,6.29949198608819,"Field","Grassland","Present"
"3-135-HH-M",39935.75,416,39519.75,0.000504194810689336,"Gluc3.csv",782,78381905.49,"Gluc",3,"14/11/2025",0.373313863,10000,50,43000,200,0.232558139534884,0.100838962137867,0.023450921427411,20.9394147496124,"Mesocosm","Heathland","Absent"
"11-142-HH-M",8215.25,383,7832.25,9.99242101992435e-05,"Gluc3.csv",782,78381905.49,"Gluc",3,"14/11/2025",0.325593153,10000,50,42500,200,0.235294117647059,0.0199848420398487,0.00470231577408205,4.81410182283742,"Mesocosm","Heathland","Absent"
"20-177-GB-M",18691.6666666667,360.5,18331.1666666667,0.000233869877901927,"Gluc3.csv",782,78381905.49,"Gluc",3,"14/11/2025",0.758983322,10000,50,42500,200,0.235294117647059,0.0467739755803854,0.0110056413130319,4.83350160406285,"Mesocosm","Grassland","Present"
"28-176-GB-M",9355.5,358,8997.5,0.0001147905239577,"Gluc3.csv",782,78381905.49,"Gluc",3,"14/11/2025",1.057471467,10000,50,44500,200,0.224719101123595,0.0229581047915399,0.00515912467225617,1.62624550898203,"Mesocosm","Grassland","Present"
"37-181-GG-M",26317.75,411.75,25906,0.000330509954281541,"Gluc3.csv",782,78381905.49,"Gluc",3,"14/11/2025",1.037505834,10000,50,42500,200,0.235294117647059,0.0661019908563083,0.015553409613249,4.99705129473325,"Mesocosm","Grassland","Absent"
"40-158-GB-M",92061,396,91665,0.0011694663382698,"Gluc4.csv",782,78381905.49,"Gluc",3,"14/11/2025",1.101438251,10000,50,42000,200,0.238095238095238,0.23389326765396,0.055688873250943,16.8533803265512,"Mesocosm","Grassland","Present"
"44-153-HH-M",16638,407,16231,0.000207075853776874,"Gluc4.csv",782,78381905.49,"Gluc",3,"14/11/2025",0.330038117,10000,50,42500,200,0.235294117647059,0.0414151707553748,0.00974474606008819,9.84204102308602,"Mesocosm","Heathland","Absent"
"47-145-HB-M",21606.75,428.25,21178.5,0.000270196289151225,"Gluc4.csv",782,78381905.49,"Gluc",3,"14/11/2025",0.916587071,10000,50,43500,200,0.229885057471264,0.0540392578302449,0.0124228178920103,4.51778061065055,"Mesocosm","Heathland","Present"
"51-132-HH-M",15669,344.333333333333,15324.6666666667,0.000195512810907892,"Gluc4.csv",782,78381905.49,"Gluc",3,"14/11/2025",0.363205876,10000,50,44000,200,0.227272727272727,0.0391025621815785,0.00888694595035875,8.15602255505979,"Mesocosm","Heathland","Absent"
"1-137-HB",7406.25,669.75,6736.5,8.59445806769707e-05,"NAG1.csv",782,78381905.49,"NAG",3,"29/09/2025",0.366382834,10000,50,42500,200,0.235294117647059,0.0171889161353941,0.00404445085538686,3.67962186003767,"Field","Heathland","Present"
"2-138-HB",7526.66666666667,475.75,7050.91666666667,8.99559231507357e-05,"NAG1.csv",782,78381905.49,"NAG",3,"29/09/2025",0.654838191,10000,50,41500,200,0.240963855421687,0.0179911846301471,0.00433522521208365,2.20676663419368,"Field","Heathland","Present"
"4-130-HB",11291,546.75,10744.25,0.000137075641793,"NAG1.csv",782,78381905.49,"NAG",3,"29/09/2025",0.405566984,10000,50,42500,200,0.235294117647059,0.0274151283585999,0.00645061843731764,5.30172876639422,"Field","Heathland","Present"
"8-133-HB",23170.25,506,22664.25,0.000289151556833375,"NAG1.csv",782,78381905.49,"NAG",3,"29/09/2025",0.320917949,10000,50,43500,200,0.229885057471264,0.0578303113666751,0.0132943244521092,13.8086432929197,"Field","Heathland","Present"
"9-134-HB",8830.25,447.333333333333,8382.91666666667,0.000106949641173704,"NAG1.csv",782,78381905.49,"NAG",3,"29/09/2025",0.936426136,10000,50,42500,200,0.235294117647059,0.0213899282347408,0.00503292429052724,1.79153631629921,"Field","Heathland","Present"
"10-129-HH",6650.33333333333,454.666666666667,6195.66666666667,7.90446038270544e-05,"NAG1.csv",782,78381905.49,"NAG",3,"29/09/2025",0.449631868,10000,50,44500,200,0.224719101123595,0.0158089207654109,0.00355256646413727,2.63368525599945,"Field","Heathland","Absent"
"12-141-HH",3214,404,2810,3.58501108442496e-05,"NAG1.csv",782,78381905.49,"NAG",3,"29/09/2025",0.45950339,10000,50,35000,200,0.285714285714286,0.00717002216884993,0.00204857776252855,1.48608099317,"Field","Heathland","Absent"
"13-127-HH",29706,415.5,29290.5,0.000373689562876688,"NAG1.csv",782,78381905.49,"NAG",3,"29/09/2025",0.306293805,10000,50,43500,200,0.229885057471264,0.0747379125753377,0.0171811293276638,18.6978744451631,"Field","Heathland","Absent"
"14-150-HH",28949,413.5,28535.5,0.000364057237721027,"NAG1.csv",782,78381905.49,"NAG",3,"29/09/2025",0.585635669,10000,50,42500,200,0.235294117647059,0.0728114475442054,0.0171321053045189,9.75128748206929,"Field","Heathland","Absent"
"15-154-GB",10862.5,508.333333333333,10354.1666666667,0.000132098940462575,"NAG1.csv",782,78381905.49,"NAG",3,"29/09/2025",1.645125441,10000,50,44500,200,0.224719101123595,0.0264197880925149,0.00593703103202583,1.20295406945118,"Field","Grassland","Present"
"17-166-GB",51668.25,454.666666666667,51213.5833333333,0.000653385280865202,"NAG1.csv",782,78381905.49,"NAG",3,"29/09/2025",1.658356854,10000,50,43000,200,0.232558139534884,0.13067705617304,0.0303900130634977,6.10845870119294,"Field","Grassland","Present"
"19-147-HH",129601.5,465.333333333333,129136.166666667,0.00164752522740267,"NAG1.csv",782,78381905.49,"NAG",3,"29/09/2025",0.415664516,10000,50,42500,200,0.235294117647059,0.329505045480534,0.0775305989365961,62.1740177091888,"Field","Heathland","Absent"
"20-177-GB",53745.6666666667,551.5,53194.1666666667,0.000678653655255334,"NAG2.csv",782,78381905.49,"NAG",3,"29/09/2025",0.715106037,10000,50,42500,200,0.235294117647059,0.135730731051067,0.031936642600251,14.8866699239137,"Field","Grassland","Present"
"22-165-GG",65412.5,502.75,64909.75,0.000828121612943962,"NAG2.csv",782,78381905.49,"NAG",3,"29/09/2025",0.77332349,10000,50,43000,200,0.232558139534884,0.165624322588792,0.038517284322975,16.6024890493434,"Field","Grassland","Absent"
"23-146-HH",55993.25,489.75,55503.5,0.000708116237453313,"NAG2.csv",782,78381905.49,"NAG",3,"29/09/2025",0.43113432,10000,50,42500,200,0.235294117647059,0.141623247490663,0.0333231170566265,25.7639096918616,"Field","Heathland","Absent"
"24-169-GB",25095.5,457.75,24637.75,0.000314329561727015,"NAG2.csv",782,78381905.49,"NAG",3,"29/09/2025",1.475447044,10000,50,43000,200,0.232558139534884,0.062865912345403,0.01461997961521,3.30294913546442,"Field","Grassland","Present"
"25-174-GB",13805.5,439.333333333333,13366.1666666667,0.00017052617671271,"NAG2.csv",782,78381905.49,"NAG",3,"29/09/2025",1.117018768,10000,50,44500,200,0.224719101123595,0.034105235342542,0.00766409782978472,2.2870692505633,"Field","Grassland","Present"
"27-171-GB",51955,454,51501,0.000657052156081744,"NAG2.csv",782,78381905.49,"NAG",3,"29/09/2025",0.720582558,10000,50,44000,200,0.227272727272727,0.131410431216349,0.0298660070946247,13.8156767572054,"Field","Grassland","Present"
"28-176-GB",48524.75,437.75,48087,0.000613496185112965,"NAG2.csv",782,78381905.49,"NAG",3,"29/09/2025",1.384978271,10000,50,42500,200,0.235294117647059,0.122699237022593,0.0288704087111984,6.94846249353139,"Field","Grassland","Present"
"29-148-HB",15960.5,427,15533.5,0.000198177116298631,"NAG2.csv",782,78381905.49,"NAG",3,"29/09/2025",0.956343443,10000,50,44000,200,0.227272727272727,0.0396354232597261,0.00900805074084684,3.13975444936708,"Field","Heathland","Present"
"30-155-GG",46937.5,438,46499.5,0.000593242786192949,"NAG2.csv",782,78381905.49,"NAG",3,"29/09/2025",1.074219111,10000,50,44000,200,0.227272727272727,0.11864855723859,0.0269655811905886,8.36749874535562,"Field","Grassland","Absent"
"32-123-HB",11913.75,452.75,11461,0.000146219971667596,"NAG2.csv",782,78381905.49,"NAG",3,"29/09/2025",1.338173797,10000,50,44000,200,0.227272727272727,0.0292439943335192,0.0066463623485271,1.65558025507781,"Field","Heathland","Present"
"34-163-GG",100362,467.333333333333,99894.6666666667,0.00127446080880761,"NAG2.csv",782,78381905.49,"NAG",3,"29/09/2025",1.414268434,10000,50,43500,200,0.229885057471264,0.254892161761521,0.0585958992555221,13.8106500498387,"Field","Grassland","Absent"
"35-182-GG",38122,586.75,37535.25,0.000478876467283495,"NAG2.csv",782,78381905.49,"NAG",3,"29/09/2025",0.674108143,10000,50,43000,200,0.232558139534884,0.0957752934566991,0.0222733240596975,11.0137244748169,"Field","Grassland","Absent"
"39-173-GG",72972.75,531,72441.75,0.000924215219662428,"NAG3.csv",782,78381905.49,"NAG",3,"29/09/2025",1.742777436,10000,50,43000,200,0.232558139534884,0.184843043932486,0.0429867544029036,8.22188642009777,"Field","Grassland","Absent"
"43-180-GG",10328.3333333333,612.25,9716.08333333333,0.00012395824358433,"NAG3.csv",782,78381905.49,"NAG",3,"29/09/2025",0.448608816,10000,50,43000,200,0.232558139534884,0.024791648716866,0.00576549970159673,4.28398454359751,"Field","Grassland","Absent"
"46-126-HH",12198.5,537.75,11660.75,0.000148768391468713,"NAG3.csv",782,78381905.49,"NAG",3,"29/09/2025",0.460067359,10000,50,42500,200,0.235294117647059,0.0297536782937426,0.00700086548088062,5.07234817099947,"Field","Heathland","Absent"
"51-132-HH",23255,437,22818,0.000291113106492558,"NAG3.csv",782,78381905.49,"NAG",3,"29/09/2025",0.398752841,10000,50,43000,200,0.232558139534884,0.0582226212985116,0.013540144488026,11.3187444249674,"Field","Heathland","Absent"
"56-179-GG",135633.75,522,135111.75,0.00172376199781514,"NAG3.csv",782,78381905.49,"NAG",3,"29/09/2025",0.88575419,10000,50,43000,200,0.232558139534884,0.344752399563028,0.0801749766425647,30.1720189595583,"Field","Grassland","Absent"
"57-152-HB",10131.25,502.333333333333,9628.91666666667,0.000122846167192186,"NAG3.csv",782,78381905.49,"NAG",3,"29/09/2025",1.302254902,10000,50,43500,200,0.229885057471264,0.0245692334384372,0.00564809964102005,1.44572301279002,"Field","Heathland","Present"
"60-168-GB",39597,515,39082,0.000498609975806037,"NAG3.csv",782,78381905.49,"NAG",3,"29/09/2025",1.438447439,10000,50,43500,200,0.229885057471264,0.0997219951612075,0.0229245965887833,5.31234718007733,"Field","Grassland","Present"
"3-135-HH-M",20758,512,20246,0.000258299410730491,"NAG3.csv",782,78381905.49,"NAG",3,"14/11/2025",0.373313863,10000,50,43000,200,0.232558139534884,0.0516598821460981,0.0120139260804879,10.7272791710639,"Mesocosm","Heathland","Absent"
"11-142-HH-M",4512.25,471.666666666667,4040.58333333333,5.15499503115401e-05,"NAG3.csv",782,78381905.49,"NAG",3,"14/11/2025",0.325593153,10000,50,42500,200,0.235294117647059,0.010309990062308,0.00242588001466071,2.48354937474244,"Mesocosm","Heathland","Absent"
"20-177-GB-M",33403,443.75,32959.25,0.000420495646207593,"NAG3.csv",782,78381905.49,"NAG",3,"14/11/2025",0.758983322,10000,50,42500,200,0.235294117647059,0.0840991292415185,0.0197880304097691,8.69058640077692,"Mesocosm","Grassland","Present"
"28-176-GB-M",16874,427,16447,0.000209831591834653,"NAG3.csv",782,78381905.49,"NAG",3,"14/11/2025",1.057471467,10000,50,44500,200,0.224719101123595,0.0419663183669305,0.00943063334088327,2.97269907043373,"Mesocosm","Grassland","Present"
"37-181-GG-M",52167.75,501,51666.75,0.000659166802299692,"NAG3.csv",782,78381905.49,"NAG",3,"14/11/2025",1.037505834,10000,50,42500,200,0.235294117647059,0.131833360459938,0.0310196142258679,9.96608507612751,"Mesocosm","Grassland","Absent"
"1-137-HB",18482.75,9960.75,8522,0.000108724072816618,"Phos1.csv",782,78381905.49,"Phos",3,"29/09/2025",0.366382834,10000,50,42500,200,0.235294117647059,0.0217448145633235,0.00511642695607612,4.65490054052416,"Field","Heathland","Present"
"2-138-HB",22105.75,9458.75,12647,0.000161351014892251,"Phos1.csv",782,78381905.49,"Phos",3,"29/09/2025",0.654838191,10000,50,41500,200,0.240963855421687,0.0322702029784502,0.00777595252492776,3.95820556986408,"Field","Heathland","Present"
"4-130-HB",37928.6666666667,9017,28911.6666666667,0.000368856389570106,"Phos1.csv",782,78381905.49,"Phos",3,"29/09/2025",0.405566984,10000,50,42500,200,0.235294117647059,0.0737712779140212,0.0173579477444756,14.2664043419566,"Field","Heathland","Present"
"8-133-HB",96275,8750.25,87524.75,0.00111664483598407,"Phos1.csv",782,78381905.49,"Phos",3,"29/09/2025",0.320917949,10000,50,43500,200,0.229885057471264,0.223328967196814,0.0513399924590377,53.3261878090815,"Field","Heathland","Present"
"9-134-HB",28503.25,8744.75,19758.5,0.000252079863030643,"Phos1.csv",782,78381905.49,"Phos",3,"29/09/2025",0.936426136,10000,50,42500,200,0.235294117647059,0.0504159726061286,0.0118625817896773,4.22264370661739,"Field","Heathland","Present"
"10-129-HH",64372.5,8460.75,55911.75,0.000713324709962981,"Phos1.csv",782,78381905.49,"Phos",3,"29/09/2025",0.449631868,10000,50,44500,200,0.224719101123595,0.142664941992596,0.0320595375264261,23.7672488748255,"Field","Heathland","Absent"
"12-141-HH",24824.5,8223,16601.5,0.000211802710028758,"Phos1.csv",782,78381905.49,"Phos",3,"29/09/2025",0.45950339,10000,50,35000,200,0.285714285714286,0.0423605420057516,0.0121030120016433,8.7797770847373,"Field","Heathland","Absent"
"13-127-HH",53110.6666666667,8613,44497.6666666667,0.000567703303313336,"Phos1.csv",782,78381905.49,"Phos",3,"29/09/2025",0.306293805,10000,50,43500,200,0.229885057471264,0.113540660662667,0.0261013013017626,28.4055166158329,"Field","Heathland","Absent"
"14-150-HH",97650,8339.66666666667,89310.3333333333,0.00113942539129426,"Phos1.csv",782,78381905.49,"Phos",3,"29/09/2025",0.585635669,10000,50,42500,200,0.235294117647059,0.227885078258853,0.0536200184138478,30.5195540801026,"Field","Heathland","Absent"
"15-154-GB",21745.75,8753.5,12992.25,0.000165755730468399,"Phos1.csv",782,78381905.49,"Phos",3,"29/09/2025",1.645125441,10000,50,44500,200,0.224719101123595,0.0331511460936799,0.00744969575138874,1.50944837107384,"Field","Grassland","Present"
"17-166-GB",51833.5,8781.25,43052.25,0.000549262610175924,"Phos1.csv",782,78381905.49,"Phos",3,"29/09/2025",1.658356854,10000,50,43000,200,0.232558139534884,0.109852522035185,0.0255470981477174,5.13502227342226,"Field","Grassland","Present"
"19-147-HH",43708,8910.25,34797.75,0.00044395131481512,"Phos1.csv",782,78381905.49,"Phos",3,"29/09/2025",0.415664516,10000,50,42500,200,0.235294117647059,0.0887902629630241,0.0208918265795351,16.7537567560334,"Field","Heathland","Absent"
"20-177-GB",93968.75,9109.66666666667,84859.0833333333,0.0010826361365272,"Phos2.csv",782,78381905.49,"Phos",3,"29/09/2025",0.715106037,10000,50,42500,200,0.235294117647059,0.216527227305439,0.0509475828953974,23.7482649468937,"Field","Grassland","Present"
"22-165-GG",90858.3333333333,8839.75,82018.5833333333,0.00104639690526275,"Phos2.csv",782,78381905.49,"Phos",3,"29/09/2025",0.77332349,10000,50,43000,200,0.232558139534884,0.20927938105255,0.048669623500593,20.9785530160619,"Field","Grassland","Absent"
"23-146-HH",63521.5,8563.25,54958.25,0.000701159912564407,"Phos2.csv",782,78381905.49,"Phos",3,"29/09/2025",0.43113432,10000,50,42500,200,0.235294117647059,0.140231982512881,0.0329957605912662,25.510812648261,"Field","Heathland","Absent"
"24-169-GB",33389.25,8337,25052.25,0.000319617772027706,"Phos2.csv",782,78381905.49,"Phos",3,"29/09/2025",1.475447044,10000,50,43000,200,0.232558139534884,0.0639235544055411,0.0148659428850096,3.35851721358235,"Field","Grassland","Present"
"25-174-GB",25248.5,8136,17112.5,0.000218322071822855,"Phos2.csv",782,78381905.49,"Phos",3,"29/09/2025",1.117018768,10000,50,44500,200,0.224719101123595,0.043664414364571,0.0098122279470946,2.92809999503207,"Field","Grassland","Present"
"27-171-GB",70472.5,8215,62257.5,0.00079428408394515,"Phos2.csv",782,78381905.49,"Phos",3,"29/09/2025",0.720582558,10000,50,44000,200,0.227272727272727,0.15885681678903,0.0361038219975068,16.7012193105322,"Field","Grassland","Present"
"28-176-GB",35331,7651.66666666667,27679.3333333333,0.000353134223521329,"Phos2.csv",782,78381905.49,"Phos",3,"29/09/2025",1.384978271,10000,50,42500,200,0.235294117647059,0.0706268447042658,0.0166180811068861,3.99960092150935,"Field","Grassland","Present"
"29-148-HB",34704.6666666667,8147.25,26557.4166666667,0.000338820758447304,"Phos2.csv",782,78381905.49,"Phos",3,"29/09/2025",0.956343443,10000,50,44000,200,0.227272727272727,0.0677641516894607,0.0154009435657865,5.36799608220054,"Field","Heathland","Present"
"30-155-GG",45975.25,8075.75,37899.5,0.000483523585744356,"Phos2.csv",782,78381905.49,"Phos",3,"29/09/2025",1.074219111,10000,50,44000,200,0.227272727272727,0.0967047171488711,0.0219783448065616,6.81994470262272,"Field","Grassland","Absent"
"32-123-HB",50702,8103.5,42598.5,0.000543473646547605,"Phos2.csv",782,78381905.49,"Phos",3,"29/09/2025",1.338173797,10000,50,44000,200,0.227272727272727,0.108694729309521,0.0247033475703457,6.15349755657726,"Field","Heathland","Present"
"34-163-GG",99493.75,8485.75,91008,0.00116108430167739,"Phos2.csv",782,78381905.49,"Phos",3,"29/09/2025",1.414268434,10000,50,43500,200,0.229885057471264,0.232216860335478,0.053383186284018,12.5820494894861,"Field","Grassland","Absent"
"35-182-GG",39924.3333333333,8655,31269.3333333333,0.000398935610685335,"Phos2.csv",782,78381905.49,"Phos",3,"29/09/2025",0.674108143,10000,50,43000,200,0.232558139534884,0.0797871221370669,0.0185551446830388,9.17515726802251,"Field","Grassland","Absent"
"39-173-GG",101404.75,9845,91559.75,0.00116812355386896,"Phos3.csv",782,78381905.49,"Phos",3,"29/09/2025",1.742777436,10000,50,43000,200,0.232558139534884,0.233624710773793,0.0543313280869285,10.391712861058,"Field","Grassland","Absent"
"43-180-GG",29243,9397,19846,0.000253196192104975,"Phos3.csv",782,78381905.49,"Phos",3,"29/09/2025",0.448608816,10000,50,43000,200,0.232558139534884,0.0506392384209949,0.01177656707465,8.75043516357614,"Field","Grassland","Absent"
"46-126-HH",150069.25,8941.75,141127.5,0.00180051121643126,"Phos3.csv",782,78381905.49,"Phos",3,"29/09/2025",0.460067359,10000,50,42500,200,0.235294117647059,0.360102243286252,0.0847299395967652,61.3895175269796,"Field","Heathland","Absent"
"51-132-HH",115120.75,8557.5,106563.25,0.00135953890548879,"Phos3.csv",782,78381905.49,"Phos",3,"29/09/2025",0.398752841,10000,50,43000,200,0.232558139534884,0.271907781097757,0.0632343676971528,52.8601188466958,"Field","Heathland","Absent"
"56-179-GG",53655.75,8698.5,44957.25,0.000573566688879944,"Phos3.csv",782,78381905.49,"Phos",3,"29/09/2025",0.88575419,10000,50,43000,200,0.232558139534884,0.114713337775989,0.0266775204130206,10.0394747264365,"Field","Grassland","Absent"
"57-152-HB",36460.75,8433.75,28027,0.00035756977104334,"Phos3.csv",782,78381905.49,"Phos",3,"29/09/2025",1.302254902,10000,50,43500,200,0.229885057471264,0.071513954208668,0.016439989473257,4.20808282823086,"Field","Heathland","Present"
"60-168-GB",56565.6666666667,8232.66666666667,48333,0.000616634664567658,"Phos3.csv",782,78381905.49,"Phos",3,"29/09/2025",1.438447439,10000,50,43500,200,0.229885057471264,0.123326932913532,0.028351019060582,6.56981925834598,"Field","Grassland","Present"
"3-135-HH-M",71916.75,8500.66666666667,63416.0833333333,0.000809065344059848,"Phos3.csv",782,78381905.49,"Phos",3,"14/11/2025",0.373313863,10000,50,43000,200,0.232558139534884,0.16181306881197,0.0376309462353418,33.6008115110205,"Mesocosm","Heathland","Absent"
"11-142-HH-M",21921,8243.75,13677.25,0.000174494992364596,"Phos3.csv",782,78381905.49,"Phos",3,"14/11/2025",0.325593153,10000,50,42500,200,0.235294117647059,0.0348989984729191,0.00821152905245156,8.40673805820844,"Mesocosm","Heathland","Absent"
"20-177-GB-M",48592,8639.5,39952.5,0.000509715855339816,"Phos3.csv",782,78381905.49,"Phos",3,"14/11/2025",0.758983322,10000,50,42500,200,0.235294117647059,0.101943171067963,0.0239866284865796,10.5345435098505,"Mesocosm","Grassland","Present"
"28-176-GB-M",24373.25,8863.25,15510,0.000197877302204382,"Phos3.csv",782,78381905.49,"Phos",3,"14/11/2025",1.057471467,10000,50,44500,200,0.224719101123595,0.0395754604408763,0.00889336189682614,2.80334179986788,"Mesocosm","Grassland","Present"
"37-181-GG-M",40873.25,8903,31970.25,0.000407877938156004,"Phos3.csv",782,78381905.49,"Phos",3,"14/11/2025",1.037505834,10000,50,42500,200,0.235294117647059,0.0815755876312009,0.0191942559132237,6.16679453236492,"Mesocosm","Grassland","Absent"
"40-158-GB-M",128961.75,8128.5,120833.25,0.00154159622995407,"Phos4.csv",782,78381905.49,"Phos",3,"14/11/2025",1.101438251,10000,50,42000,200,0.238095238095238,0.308319245990813,0.073409344283527,22.216208131165,"Mesocosm","Grassland","Present"
"44-153-HH-M",45925,9166,36759,0.000468973033638353,"Phos4.csv",782,78381905.49,"Phos",3,"14/11/2025",0.330038117,10000,50,42500,200,0.235294117647059,0.0937946067276707,0.0220693192300402,22.2896670548715,"Mesocosm","Heathland","Absent"
"47-145-HB-M",52044,9219.25,42824.75,0.000546360154582662,"Phos4.csv",782,78381905.49,"Phos",3,"14/11/2025",0.916587071,10000,50,43500,200,0.229885057471264,0.109272030916532,0.0251200071072488,9.13534127563128,"Mesocosm","Heathland","Present"
"51-132-HH-M",55326.5,8900.5,46426,0.00059230506977051,"Phos4.csv",782,78381905.49,"Phos",3,"14/11/2025",0.363205876,10000,50,44000,200,0.227272727272727,0.118461013954102,0.0269229577168414,24.7086289951629,"Mesocosm","Heathland","Absent"
"1-137-HB",3271,1036.5,2234.5,2.85078550467886e-05,"Xylo1.csv",782,78381905.49,"Xylo",3,"29/09/2025",0.366382834,10000,50,42500,200,0.235294117647059,0.00570157100935771,0.00134154611984887,1.22053218232824,"Field","Heathland","Present"
"2-138-HB",3442.75,810.25,2632.5,3.35855575791769e-05,"Xylo1.csv",782,78381905.49,"Xylo",3,"29/09/2025",0.654838191,10000,50,41500,200,0.240963855421687,0.00671711151583539,0.00161858108815311,0.823908924066355,"Field","Heathland","Present"
"4-130-HB",7663,841.5,6821.5,8.70290146348929e-05,"Xylo1.csv",782,78381905.49,"Xylo",3,"29/09/2025",0.405566984,10000,50,42500,200,0.235294117647059,0.0174058029269786,0.00409548304164202,3.36605559066088,"Field","Heathland","Present"
"8-133-HB",20171.25,772.25,19399,0.00024749334529096,"Xylo1.csv",782,78381905.49,"Xylo",3,"29/09/2025",0.320917949,10000,50,43500,200,0.229885057471264,0.0494986690581921,0.0113790043811936,11.8192250455828,"Field","Heathland","Present"
"9-134-HB",5807.75,730.75,5077,6.47726024043614e-05,"Xylo1.csv",782,78381905.49,"Xylo",3,"29/09/2025",0.936426136,10000,50,42500,200,0.235294117647059,0.0129545204808723,0.00304812246608759,1.08501971801991,"Field","Heathland","Present"
"10-129-HH",6745,719.75,6025.25,7.68704200584752e-05,"Xylo1.csv",782,78381905.49,"Xylo",3,"29/09/2025",0.449631868,10000,50,44500,200,0.224719101123595,0.015374084011695,0.00345485033970675,2.56124367924528,"Field","Heathland","Absent"
"12-141-HH",5674.75,674.25,5000.5,6.37966118422314e-05,"Xylo1.csv",782,78381905.49,"Xylo",3,"29/09/2025",0.45950339,10000,50,35000,200,0.285714285714286,0.0127593223684463,0.00364552067669894,2.64453665706285,"Field","Heathland","Absent"
"13-127-HH",12213.3333333333,678.25,11535.0833333333,0.000147165130283864,"Xylo1.csv",782,78381905.49,"Xylo",3,"29/09/2025",0.306293805,10000,50,43500,200,0.229885057471264,0.0294330260567727,0.00676621288661442,7.36353219921682,"Field","Heathland","Absent"
"14-150-HH",18196,664.666666666667,17531.3333333333,0.000223665566991989,"Xylo1.csv",782,78381905.49,"Xylo",3,"29/09/2025",0.585635669,10000,50,42500,200,0.235294117647059,0.0447331133983978,0.0105254384466818,5.99089104018914,"Field","Heathland","Absent"
"15-154-GB",2778,763.333333333333,2014.66666666667,2.57032111438487e-05,"Xylo1.csv",782,78381905.49,"Xylo",3,"29/09/2025",1.645125441,10000,50,44500,200,0.224719101123595,0.00514064222876975,0.00115520050084713,0.234065332660375,"Field","Grassland","Present"
"17-166-GB",20622.25,713.666666666667,19908.5833333333,0.000253994633185758,"Xylo1.csv",782,78381905.49,"Xylo",3,"29/09/2025",1.658356854,10000,50,43000,200,0.232558139534884,0.0507989266371517,0.011813703869105,2.37458016361398,"Field","Grassland","Present"
"19-147-HH",13255.5,740.666666666667,12514.8333333333,0.000159664826404737,"Xylo1.csv",782,78381905.49,"Xylo",3,"29/09/2025",0.415664516,10000,50,42500,200,0.235294117647059,0.0319329652809474,0.00751363888963467,6.02540318006094,"Field","Heathland","Absent"
"20-177-GB",24257,837.333333333333,23419.6666666667,0.000298789197841772,"Xylo2.csv",782,78381905.49,"Xylo",3,"29/09/2025",0.715106037,10000,50,42500,200,0.235294117647059,0.0597578395683544,0.0140606681337304,6.55411804041328,"Field","Grassland","Present"
"22-165-GG",17975,781.666666666667,17193.3333333333,0.000219353347253428,"Xylo2.csv",782,78381905.49,"Xylo",3,"29/09/2025",0.77332349,10000,50,43000,200,0.232558139534884,0.0438706694506856,0.0102024812676013,4.39767721164196,"Field","Grassland","Absent"
"23-146-HH",25690.25,779.5,24910.75,0.00031781250843893,"Xylo2.csv",782,78381905.49,"Xylo",3,"29/09/2025",0.43113432,10000,50,42500,200,0.235294117647059,0.0635625016877859,0.0149558827500673,11.5632043629058,"Field","Heathland","Absent"
"24-169-GB",10026.25,779,9247.25,0.000117976846087006,"Xylo2.csv",782,78381905.49,"Xylo",3,"29/09/2025",1.475447044,10000,50,43000,200,0.232558139534884,0.0235953692174013,0.0054872951668375,1.23969097798798,"Field","Grassland","Present"
"25-174-GB",5992.25,707.333333333333,5284.91666666667,6.74252129190827e-05,"Xylo2.csv",782,78381905.49,"Xylo",3,"29/09/2025",1.117018768,10000,50,44500,200,0.224719101123595,0.0134850425838165,0.00303034664804866,0.904295951229311,"Field","Grassland","Present"
"27-171-GB",12225.75,711,11514.75,0.0001469057166704,"Xylo2.csv",782,78381905.49,"Xylo",3,"29/09/2025",0.720582558,10000,50,44000,200,0.227272727272727,0.02938114333408,0.00667753257592727,3.08895097066137,"Field","Grassland","Present"
"28-176-GB",6812,628.333333333333,6183.66666666667,7.88915072682889e-05,"Xylo2.csv",782,78381905.49,"Xylo",3,"29/09/2025",1.384978271,10000,50,42500,200,0.235294117647059,0.0157783014536578,0.00371254151850771,0.893525815830341,"Field","Grassland","Present"
"29-148-HB",8789.33333333333,801.25,7988.08333333333,0.000101912339122101,"Xylo2.csv",782,78381905.49,"Xylo",3,"29/09/2025",0.956343443,10000,50,44000,200,0.227272727272727,0.0203824678244202,0.00463237905100458,1.61461487673405,"Field","Heathland","Present"
"30-155-GG",13136,741,12395,0.000158135987158176,"Xylo2.csv",782,78381905.49,"Xylo",3,"29/09/2025",1.074219111,10000,50,44000,200,0.227272727272727,0.0316271974316352,0.00718799941628072,2.23045725112491,"Field","Grassland","Absent"
"32-123-HB",6778,708.5,6069.5,7.74349636189229e-05,"Xylo2.csv",782,78381905.49,"Xylo",3,"29/09/2025",1.338173797,10000,50,44000,200,0.227272727272727,0.0154869927237846,0.0035197710735874,0.876759825337646,"Field","Heathland","Present"
"34-163-GG",26288,690.25,25597.75,0.000326577286428253,"Xylo2.csv",782,78381905.49,"Xylo",3,"29/09/2025",1.414268434,10000,50,43500,200,0.229885057471264,0.0653154572856506,0.0150150476518737,3.53894336013859,"Field","Grassland","Absent"
"35-182-GG",8438.25,858,7580.25,9.67091824651685e-05,"Xylo2.csv",782,78381905.49,"Xylo",3,"29/09/2025",0.674108143,10000,50,43000,200,0.232558139534884,0.0193418364930337,0.00449810151000784,2.22422349525395,"Field","Grassland","Absent"
"39-173-GG",15049.3333333333,751,14298.3333333333,0.000182418802451256,"Xylo3.csv",782,78381905.49,"Xylo",3,"29/09/2025",1.742777436,10000,50,43000,200,0.232558139534884,0.0364837604902512,0.00848459546284912,1.62281105389316,"Field","Grassland","Absent"
"43-180-GG",5354.25,777.666666666667,4576.58333333333,5.83882632697315e-05,"Xylo3.csv",782,78381905.49,"Xylo",3,"29/09/2025",0.448608816,10000,50,43000,200,0.232558139534884,0.0116776526539463,0.00271573317533635,2.01789255915734,"Field","Grassland","Absent"
"46-126-HH",11470,3180.5,8289.5,0.000105757826990536,"Xylo3.csv",782,78381905.49,"Xylo",3,"29/09/2025",0.460067359,10000,50,42500,200,0.235294117647059,0.0211515653981073,0.00497683891720172,3.60587699449007,"Field","Heathland","Absent"
"51-132-HH",9824.25,719.333333333333,9104.91666666667,0.00011616095079276,"Xylo3.csv",782,78381905.49,"Xylo",3,"29/09/2025",0.398752841,10000,50,43000,200,0.232558139534884,0.023232190158552,0.0054028349205935,4.51644424404531,"Field","Heathland","Absent"
"56-179-GG",13831.5,768.75,13062.75,0.000166655172751147,"Xylo3.csv",782,78381905.49,"Xylo",3,"29/09/2025",0.88575419,10000,50,43000,200,0.232558139534884,0.0333310345502293,0.00775140338377426,2.91706339873453,"Field","Grassland","Absent"
"57-152-HB",5744.25,949,4795.25,6.11780227850136e-05,"Xylo3.csv",782,78381905.49,"Xylo",3,"29/09/2025",1.302254902,10000,50,43500,200,0.229885057471264,0.0122356045570027,0.00281278265678223,0.719977492492027,"Field","Heathland","Present"
"60-168-GB",13222.25,783,12439.25,0.000158700530718624,"Xylo3.csv",782,78381905.49,"Xylo",3,"29/09/2025",1.438447439,10000,50,43500,200,0.229885057471264,0.0317401061437247,0.00729657612499419,1.69084526533384,"Field","Grassland","Present"
"3-135-HH-M",14937,774,14163,0.000180692213482957,"Xylo3.csv",782,78381905.49,"Xylo",3,"14/11/2025",0.373313863,10000,50,43000,200,0.232558139534884,0.0361384426965913,0.00840428899920728,7.50422082879474,"Mesocosm","Heathland","Absent"
"11-142-HH-M",4338,693.666666666667,3644.33333333333,4.64945743606384e-05,"Xylo3.csv",782,78381905.49,"Xylo",3,"14/11/2025",0.325593153,10000,50,42500,200,0.235294117647059,0.00929891487212767,0.00218797996991239,2.23999383868329,"Mesocosm","Heathland","Absent"
"20-177-GB-M",13582,674.333333333333,12907.6666666667,0.000164676612363212,"Xylo3.csv",782,78381905.49,"Xylo",3,"14/11/2025",0.758983322,10000,50,42500,200,0.235294117647059,0.0329353224726424,0.00774948764062175,3.40345100082966,"Mesocosm","Grassland","Present"
"28-176-GB-M",4267,669,3598,4.59034515365161e-05,"Xylo3.csv",782,78381905.49,"Xylo",3,"14/11/2025",1.057471467,10000,50,44500,200,0.224719101123595,0.00918069030730322,0.00206307647355129,0.650317459440661,"Mesocosm","Grassland","Present"
"37-181-GG-M",11530.3333333333,982.333333333333,10548,0.000134571875154856,"Xylo3.csv",782,78381905.49,"Xylo",3,"14/11/2025",1.037505834,10000,50,42500,200,0.235294117647059,0.0269143750309712,0.0063327941249344,2.03462120963662,"Mesocosm","Grassland","Absent"
"40-158-GB-M",25113,734.333333333333,24378.6666666667,0.000311024164496446,"Xylo4.csv",782,78381905.49,"Xylo",3,"14/11/2025",1.101438251,10000,50,42000,200,0.238095238095238,0.0622048328992893,0.0148106744998308,4.4822226715491,"Mesocosm","Grassland","Present"
"44-153-HH-M",8706.33333333333,535.5,8170.83333333333,0.000104243872131633,"Xylo4.csv",782,78381905.49,"Xylo",3,"14/11/2025",0.330038117,10000,50,42500,200,0.235294117647059,0.0208487744263267,0.0049055939826651,4.95457315380847,"Mesocosm","Heathland","Absent"
"47-145-HB-M",9510.33333333333,557,8953.33333333333,0.000114227043567799,"Xylo4.csv",782,78381905.49,"Xylo",3,"14/11/2025",0.916587071,10000,50,43500,200,0.229885057471264,0.0228454087135598,0.00525181809507122,1.90991787586583,"Mesocosm","Heathland","Present"
